-- MySQL dump 10.13  Distrib 8.0.13, for Win64 (x86_64)
--
-- Host: localhost    Database: web
-- ------------------------------------------------------
-- Server version	8.0.13

/*!40101 SET @OLD_CHARACTER_SET_CLIENT=@@CHARACTER_SET_CLIENT */;
/*!40101 SET @OLD_CHARACTER_SET_RESULTS=@@CHARACTER_SET_RESULTS */;
/*!40101 SET @OLD_COLLATION_CONNECTION=@@COLLATION_CONNECTION */;
 SET NAMES utf8 ;
/*!40103 SET @OLD_TIME_ZONE=@@TIME_ZONE */;
/*!40103 SET TIME_ZONE='+00:00' */;
/*!40014 SET @OLD_UNIQUE_CHECKS=@@UNIQUE_CHECKS, UNIQUE_CHECKS=0 */;
/*!40014 SET @OLD_FOREIGN_KEY_CHECKS=@@FOREIGN_KEY_CHECKS, FOREIGN_KEY_CHECKS=0 */;
/*!40101 SET @OLD_SQL_MODE=@@SQL_MODE, SQL_MODE='NO_AUTO_VALUE_ON_ZERO' */;
/*!40111 SET @OLD_SQL_NOTES=@@SQL_NOTES, SQL_NOTES=0 */;

--
-- Table structure for table `lesson`
--

DROP TABLE IF EXISTS `lesson`;
/*!40101 SET @saved_cs_client     = @@character_set_client */;
 SET character_set_client = utf8mb4 ;
CREATE TABLE `lesson` (
  `id` int(11) NOT NULL,
  `subject_id` int(11) NOT NULL,
  `name` varchar(45) NOT NULL,
  `state` varchar(45) NOT NULL,
  PRIMARY KEY (`id`)
) ENGINE=InnoDB DEFAULT CHARSET=latin1;
/*!40101 SET character_set_client = @saved_cs_client */;

--
-- Dumping data for table `lesson`
--

LOCK TABLES `lesson` WRITE;
/*!40000 ALTER TABLE `lesson` DISABLE KEYS */;
INSERT INTO `lesson` VALUES (1000,1000,'Home','home'),(1001,1000,'Overview','overview'),(1002,1000,'Basic Tags','basictags'),(1003,1000,'Elements','elements'),(1004,1000,'Attributes','attributes'),(1005,1000,'Formatting','formatting'),(1006,1000,'Phrase Tags','phrasetags'),(1007,1000,'Meta Tags','metatags'),(1008,1000,'Comments','comments'),(1009,1000,'Images','images'),(1010,1000,'Tables','tables'),(1011,1000,'Lists','lists'),(1012,1000,'Text Links','textlinks'),(1013,1000,'Image Links','imagelinks'),(1014,1000,'Email Links','emaillinks'),(1015,1000,'Frames','frames'),(1016,1000,'Iframes','iframes'),(1017,1000,'Blocks','blocks'),(1018,1000,'Backgrounds','backgrounds'),(1019,1000,'Colors','colors'),(1020,1000,'Fonts','fonts'),(1021,1000,'Forms','forms'),(1022,1000,'Embed Multimedia','embedmultimedia'),(1023,1000,'Marquees','marquees'),(1024,1000,'Header','header'),(1025,1000,'Style Sheet','stylesheet'),(1026,1000,'Javascript','javascript'),(1027,1000,'Layouts','layouts'),(1028,1001,'Home','home'),(1029,1001,'Introduction','introduction'),(1030,1001,'Syntax','syntax'),(1031,1001,'Inclusion','inclusion'),(1032,1001,'Measurement Units','measurementunits'),(1033,1001,'Colors','colors'),(1034,1001,'Backgrounds','backgrounds'),(1035,1001,'Fonts','fonts'),(1036,1001,'Text','text'),(1037,1001,'Images','images'),(1038,1001,'Links','links'),(1039,1001,'Tables','tables'),(1040,1001,'Borders','borders'),(1041,1001,'Margins','margins'),(1042,1001,'Lists','lists'),(1043,1001,'Padding','padding'),(1044,1001,'Cursors','cursors'),(1045,1001,'Outlines','outlines'),(1046,1001,'Dimension','dimension'),(1047,1001,'Scrollbars','scrollbars'),(1048,1001,'Visibility','visibility'),(1049,1001,'Positioning','positioning'),(1050,1001,'Layers','layers'),(1051,1001,'Pseudo Classes','pseudoclasses'),(1052,1001,'Pseudo Elements','pseudoelements'),(1053,1001,'@ Rules','arules'),(1054,1001,'Text Effects','texteffects'),(1055,1001,'Media Types','mediatypes'),(1056,1001,'Paged Media','pagedmedia'),(1057,1001,'Aural Media','auralmedia'),(1058,1001,'Printing','printing'),(1059,1001,'Layouts','layouts'),(1060,1001,'Validations','validations'),(1061,1002,'Home','home'),(1062,1002,'Overview','overview'),(1063,1002,'Syntax','syntax'),(1064,1002,'Enabling','enabling'),(1065,1002,'Placement','placement'),(1066,1002,'Variables','variables'),(1067,1002,'Operators','operators'),(1068,1002,'If - Else','ifelse'),(1069,1002,'Switch Case','switchcase'),(1070,1002,'While Loop','whileloop'),(1071,1002,'For Loop','forloop'),(1072,1002,'For - in','forin'),(1073,1002,'Loop Control','loopcontrol'),(1074,1002,'Functions','functions'),(1075,1002,'Events','events'),(1076,1002,'Cookies','cookies'),(1077,1002,'Page Redirect','pageredirect'),(1078,1002,'Dialog Boxes','dialogboxes'),(1079,1002,'Void Keyword','voidkeyword'),(1080,1002,'Page Printing','pageprinting'),(1081,1002,'Error Handling','errorhandling'),(1082,1002,'Validations','validations'),(1083,1002,'Animation','animation'),(1084,1002,'Multimedia','multimedia'),(1085,1002,'Debugging','debugging'),(1086,1002,'Image Map','imagemap'),(1087,1002,'Browsers','browsers');
/*!40000 ALTER TABLE `lesson` ENABLE KEYS */;
UNLOCK TABLES;

--
-- Table structure for table `quiz`
--

DROP TABLE IF EXISTS `quiz`;
/*!40101 SET @saved_cs_client     = @@character_set_client */;
 SET character_set_client = utf8mb4 ;
CREATE TABLE `quiz` (
  `idquiz` int(11) NOT NULL,
  `lesson_id` int(11) NOT NULL,
  `question` longtext,
  `answer_a` varchar(250) DEFAULT NULL,
  `answer_b` varchar(250) DEFAULT NULL,
  `answer_c` varchar(250) DEFAULT NULL,
  `correct_answer` varchar(45) DEFAULT NULL,
  PRIMARY KEY (`idquiz`)
) ENGINE=InnoDB DEFAULT CHARSET=utf8mb4 COLLATE=utf8mb4_0900_ai_ci;
/*!40101 SET character_set_client = @saved_cs_client */;

--
-- Dumping data for table `quiz`
--

LOCK TABLES `quiz` WRITE;
/*!40000 ALTER TABLE `quiz` DISABLE KEYS */;
INSERT INTO `quiz` VALUES (1,1000,'What is the difference between XML and HTML?','A. HTML is used for exchanging data, XML is not.','B. XML is used for exchanging data, HTML is not','C. HTML can have user defined tags, XML cannot','B'),(2,1000,'Opening Tag of HTML Tag is called as ________.','A. Closed Tag','B. Starting Tag','C. Forward Tag','A'),(3,1000,'HTML stands for ________.','A. Hyper Text Markup Language','B. Hyper Text Makeup Language','C. None of these ','A'),(4,1000,'HTML program is saved using _________ extension.','A. .htl','B. .html','C. .hml','B'),(5,1000,'Who was the primary author of HTML?','A. Brendan Eich','B. Sabeer Bhatiya','C. Tim Berners-Lee','C'),(6,1000,'Which of the following is valid colour code ?','A. #000000;','B. #0000000;','C. #00000000;','A'),(7,1000,'Caption Tag in HTML ?','A. Is used to display the Title for table at the top','B. Is used to display the Title for table at the bottom','C. Both','C'),(8,1000,'Which of the following is used increase the row height?','A. Cellspacing','B. Cellpadding','C. Row span','C'),(9,1000,'DOM stands for ','A. Document object model','B. Data object model','C. Document Oriented model','C'),(10,1000,'The href attribute in the link tag specifies the:','A. Destination of a link','B. Link','C. Hypertext','A'),(21,1028,'What does the a stand for in RGBa?','A. alpha','B. aqua','C. Apple','A'),(22,1028,'How do four values work on border-radius','A. top, bottom, left, right','B. up, down, front, behind ','C. top-left, top-right, bottom-right, bottom-left','C'),(23,1028,'How can you created rounded corners using CSS3?','A. border[round]: 30px;','B. corner-effect: round;','C. border-radius: 30px;','C'),(24,1028,'How do you add shadow to elements in CSS3?','A. box-shadow: 10px 10px 5px grey','B. shadow-right: 10px shadow-bottom: 10px; shadow-color: grey;','C. shadow-color: grey;','A'),(25,1028,'How to you modify a border image using CSS3?','A. border: url(image.png);','B. border-variable: image url(image.png);','C. border-image: url(border.png) 30 30 round;','C'),(26,1028,'How to resize a background image using CSS3?','A. background-size: 80px 60px;','B. bg-dimensions: 80px 60px;','C. background-proportion: 80px 60px;','A'),(27,1028,'How to force a word wrap using CSS3? ','A. word-wrap: break-word;','B. text-wrap: break-word;','C. text-wrap: force;','A'),(28,1028,'Which of these are valid CSS3 transformation statements (select only one):','A. matrix()','B. modify()','C. skip()','A'),(29,1028,'How to rotate objects using CSS3?','A. object-rotation: 30deg;','B. transform: rotate(30deg);','C. rotate-object: 30deg;','B'),(30,1028,'The ____________ property specifies the stack order of an element','A. d-index','B. s-index','C. z-index','C'),(31,1028,'The _____________ selector is used to specify a style for a single, unique element','A. id','B. class','C. text','A');
/*!40000 ALTER TABLE `quiz` ENABLE KEYS */;
UNLOCK TABLES;

--
-- Table structure for table `section`
--

DROP TABLE IF EXISTS `section`;
/*!40101 SET @saved_cs_client     = @@character_set_client */;
 SET character_set_client = utf8mb4 ;
CREATE TABLE `section` (
  `id_section` int(11) NOT NULL,
  `lesson_id` int(11) DEFAULT NULL,
  `name` varchar(45) DEFAULT NULL,
  PRIMARY KEY (`id_section`)
) ENGINE=InnoDB DEFAULT CHARSET=latin1;
/*!40101 SET character_set_client = @saved_cs_client */;

--
-- Dumping data for table `section`
--

LOCK TABLES `section` WRITE;
/*!40000 ALTER TABLE `section` DISABLE KEYS */;
INSERT INTO `section` VALUES (1000,1000,'HTML Tutorial'),(1001,1000,'Audience'),(1002,1000,'Prerequisites'),(1003,1001,'Overview'),(1004,1001,'Basic HTML Document'),(1005,1001,'HTML Tags'),(1006,1001,'HTML Document Structure'),(1007,1001,'The <!DOCTYPE> Declaration'),(1008,1002,'Heading Tags'),(1009,1002,'Paragraph Tag'),(1010,1002,'Line Break Tag'),(1011,1002,'Centering Content'),(1012,1002,'Horizontal Lines'),(1013,1002,'Preserve Formatting'),(1014,1002,'Nonbreaking Spaces'),(1015,1028,'CSS Tutorial'),(1016,1028,'Audience'),(1017,1028,'Prerequisites'),(1018,1029,'What is CSS?'),(1019,1029,'Advantages of CSS'),(1020,1029,'Who Creates and Maintains CSS?'),(1021,1029,'CSS Versions'),(1022,1029,'Demo CSS'),(1023,1030,'Introduction'),(1024,1030,'The Type Selectors'),(1025,1030,'The Universal Selectors'),(1026,1030,'The Descendant Selectors'),(1027,1030,'The Class Selectors'),(1028,1030,'The ID Selectors'),(1029,1030,'The Child Selectors'),(1030,1030,'The Attribute Selectors'),(1031,1030,'Multiple Style Rules'),(1032,1030,'Grouping Selectors');
/*!40000 ALTER TABLE `section` ENABLE KEYS */;
UNLOCK TABLES;

--
-- Table structure for table `section_content`
--

DROP TABLE IF EXISTS `section_content`;
/*!40101 SET @saved_cs_client     = @@character_set_client */;
 SET character_set_client = utf8mb4 ;
CREATE TABLE `section_content` (
  `id` int(11) NOT NULL,
  `section_id` int(11) DEFAULT NULL,
  `content` longtext,
  `code` longtext,
  `language` varchar(45) DEFAULT NULL,
  `content_type` varchar(45) DEFAULT NULL,
  `description` longtext,
  `warning` longtext,
  PRIMARY KEY (`id`)
) ENGINE=InnoDB DEFAULT CHARSET=latin1;
/*!40101 SET character_set_client = @saved_cs_client */;

--
-- Dumping data for table `section_content`
--

LOCK TABLES `section_content` WRITE;
/*!40000 ALTER TABLE `section_content` DISABLE KEYS */;
INSERT INTO `section_content` VALUES (1000,1000,'HTML stands for Hyper Text Markup Language, which is the most widely used language on Web to develop web pages. HTML was created by Berners-Lee in late 1991 but \"HTML 2.0\" was the first standard HTML specification which was published in 1995. HTML 4.01 was a major version of HTML and it was published in late 1999. Though HTML 4.01 version is widely used but currently we are having HTML-5 version which is an extension to HTML 4.01, and this version was published in 2012.',NULL,NULL,'TEXT',NULL,NULL),(1001,1001,'This tutorial is designed for the aspiring Web Designers and Developers with a need to understand the HTML in enough detail along with its simple overview, and practical examples. This tutorial will give you enough ingredients to start with HTML from where you can take yourself at higher level of expertise.',NULL,NULL,'TEXT',NULL,NULL),(1002,1002,'Before proceeding with this tutorial you should have a basic working knowledge with Windows or Linux operating system, additionally you must be familiar with - <ul> <li>Experience with any text editor like notepad, notepad&plus;&plus;, or Edit plus etc.</li> <li>How to create directories and files on your computer.</li> <li>How to navigate through different directories.</li> <li>How to type content in a file and save them on a computer.</li> <li>Understanding about images in different formats like JPEG, PNG format.</li> </ul>',NULL,NULL,'TEXT',NULL,NULL),(1003,1003,'<p>HTML stands for <b><u>H</u></b>yper<b><u>t</u></b>ext <b><u>M</u></b>arkup <b><u>L</u></b>anguage, and it is the most widely used language to write Web Pages.</p> <ul class=\"list\"> <li><p><b>Hypertext</b> refers to the way in which Web pages (HTML documents) are linked together. Thus, the link available on a webpage is called Hypertext.</p></li> <li><p>As its name suggests, HTML is a <b>Markup Language</b> which means you use HTML to simply \"mark-up\" a text document with tags that tell a Web browser how to structure it to display.</p></li> </ul> <p>Originally, HTML was developed with the intent of defining the structure of documents like headings, paragraphs, lists, and so forth to facilitate the sharing of scientific information between researchers.</p> <p>Now, HTML is being widely used to format web pages with the help of different tags available in HTML language.</p>',NULL,NULL,'TEXT',NULL,NULL),(1004,1004,'In its simplest form, following is an example of an HTML document','<!DOCTYPE html>\n<html>\n	<head>\n		<title>This is document title</title>\n	</head>\n	<body>\n		<h1>This is a heading</h1>\n		<p>Document content goes here.....</p>\n	</body>\n</html>','HTML','TEXT',NULL,NULL),(1005,1005,'<p>As told earlier, HTML is a markup language and makes use of various tags to format the content. These tags are     enclosed within angle braces <b>&lt;Tag Name&gt;</b>. Except few tags, most of the tags have their corresponding     closing tags. For example, <b>&lt;html&gt;</b> has its closing tag <b>&lt;/html&gt;</b> and <b>&lt;body&gt;</b> tag     has its closing tag <b>&lt;/body&gt;</b> tag etc.</p> <p>Above example of HTML document uses the following tags &minus;</p> <table class=\"table table-striped table-bordered\">     <tr>         <th>Sr.No</th>         <th style=\"text-align:center;\">Tag &amp; Description</th>     </tr>     <tr>         <td class=\"ts\">1</td>         <td> <b>&lt;!DOCTYPE...&gt;</b>             <p>This tag defines the document type and HTML version.</p>         </td>     </tr>     <tr>         <td class=\"ts\">2</td>         <td> <b>&lt;html&gt;</b>             <p>This tag encloses the complete HTML document and mainly comprises of document header which is                 represented by &lt;head&gt;...&lt;/head&gt; and document body which is represented by                 &lt;body&gt;...&lt;/body&gt; tags.</p>         </td>     </tr>     <tr>         <td class=\"ts\">3</td>         <td> <b>&lt;head&gt;</b>             <p>This tag represents the document\'s header which can keep other HTML tags like &lt;title&gt;,                 &lt;link&gt; etc.</p>         </td>     </tr>     <tr>         <td class=\"ts\">4</td>         <td> <b>&lt;title&gt;</b>             <p>The &lt;title&gt; tag is used inside the &lt;head&gt; tag to mention the document title.</p>         </td>     </tr>     <tr>         <td class=\"ts\">5</td>         <td> <b>&lt;body&gt;</b>             <p>This tag represents the document\'s body which keeps other HTML tags like &lt;h1&gt;, &lt;div&gt;,                 &lt;p&gt; etc.</p>         </td>     </tr>     <tr>         <td class=\"ts\">6</td>         <td> <b>&lt;h1&gt;</b>             <p>This tag represents the heading.</p>         </td>     </tr>     <tr>         <td class=\"ts\">7</td>         <td> <b>&lt;p&gt;</b>             <p>This tag represents a paragraph.</p>         </td>     </tr> </table> <p>To learn HTML, you will need to study various tags and understand how they behave, while formatting a textual     document. Learning HTML is simple as users have to learn the usage of different tags in order to format the text or     images to make a beautiful webpage.</p> <p>World Wide Web Consortium (W3C) recommends to use lowercase tags starting from HTML 4.</p>',NULL,NULL,'TEXT',NULL,NULL),(1006,1006,'A typical HTML document will have the following structure','<html>\n   <head>\n      Document header related tags\n   </head>\n   \n   <body>\n      Document body related tags\n   </body>\n</html>','HTML','TEXT','We will study all the header and body tags in subsequent chapters, but for now let\'s see what is document declaration tag.',NULL),(1007,1007,'The <!DOCTYPE> declaration tag is used by the web browser to understand the version of the HTML used in the document. Current version of HTML is 5 and it makes use of the following declaration','<!DOCTYPE html>','HTML','TEXT','There are many other declaration types which can be used in HTML document depending on what version of HTML is being used. We will see more details on this while discussing <b>&lt;!DOCTYPE&gt;</b> tag along with other HTML tags.',NULL),(1008,1008,'Any document starts with a heading. You can use different sizes for your headings. HTML also has six levels of headings, which use the elements <b>&lt;h1&gt;, &lt;h2&gt;, &lt;h3&gt;, &lt;h4&gt;, &lt;h5&gt;,</b> and <b>&lt;h6&gt;</b>. While displaying any heading, browser adds one line before and one line after that heading.','<!DOCTYPE html>\n<html>\n\n   <head>\n      <title>Heading Example</title>\n   </head>\n	\n   <body>\n      <h1>This is heading 1</h1>\n      <h2>This is heading 2</h2>\n      <h3>This is heading 3</h3>\n      <h4>This is heading 4</h4>\n      <h5>This is heading 5</h5>\n      <h6>This is heading 6</h6>\n   </body>\n	\n</html>','HTML','TEXT',NULL,NULL),(1009,1008,'data:image/png;base64,iVBORw0KGgoAAAANSUhEUgAAAx8AAAGXCAIAAABdunpuAAAAAXNSR0IArs4c6QAAAARnQU1BAACxjwv8YQUAAAAJcEhZcwAADsMAAA7DAcdvqGQAADKYSURBVHhe7d2/a9va4/9x/xlaAx2+gQ7tFsN3qaFDDR2uIcMNdAieiulwMR2K6RJEhmI6FPMeiulQkIcL7lBwhoK7FJSh4AwX3KHgDBk8ZNCQQUOGfPTjSDqSjh3ZPk6c9PlYPrUkn3Mk5370ep9zdFS6AgAAgD6kKwAAAJ1IVwAAADqRrgAAAHQiXQEAAOhEugIAANCJdAUAAKAT6QoAAEAn0hUAAIBOpCsAAACdSFcAAAA6ka4AAAB0Il0BAADoRLoCAADQiXQFAACgE+kKAABAJ9IVAACATqQrAAAAnUhXAAAAOpGuAAAAdCJdAQAA6ES6AgAA0Il0BQAAoBPpCgAAQCfSFQAAgE6kKwAAAJ1IVwAAADqRrgAAAHQiXQEAAOhEugIAANCJdAUAAKAT6QoAAEAn0hUAAIBOpCsAAACdSFcAAAA6ka4AAAB0Il0BAADoRLoCAADQ6b6nq4ux9bq6bZRKxnb1tTV2xOYbtQltQDHuL6v5PPitHlabPX4rAMAyiqWrY7O0BrXeVJR/ZtXEtpwDWxyzBHdk7ohihB3TvhA7b8jttmH2D5dc/Htp7l/srHN3f5plcYhQPrBdsfP+c34POi+rWyVzhf/kAAC+zUhXnovJ4E3m1hZYIV05XxuiEMkNp4pbb4N7Puq+METFknuergILnrszeCkOkNSsM7H7/nKn3zuNZ1vijElXALCyxdOVUWl+Go6njvS/6afWrtiZlvp/064zHR+1aw/EPk/2Jneq6sFaIV2NDhV31pU6wxa3CW24+tES9Ur+hHTl+92tiDNOzDj3kan6rcxjsfsecqf2p2ZV+k8yQLoCgFUtmK52TFsxFaVQuhIuRu3n4iaWu8nZihRA39XqVLH1T0lXqkHnGef+B/VduWe2dVCLe6vSSFcAsKpF0pWxZ52KDWmLpCvPhd165O/OpyvFAOQq3TzMuwotkDDunUXO/U+YdzU9tsy//Wn7s5GuAGBVC6Sr6seJ+Ji1YLq6unK+1L3da09XHmcDnte79TaQrtLmnLvz371+ZvC833jWaPcGo1Nn+mvYfaWa6Ui6AoCVFU9X9f65+JSzcLq6coct40bSFTykq7Q/5dyvN+48FddEQroCgFUVTle71uw70uLpyotXr0lXN4V0lUa6itlvxTWRkK4AYFVF09Xj9yPxb4Ul0pU/3Zt0dUNIV2mkq5h9IK6JhHQFAKsqlq6usUy6UiFdrQfpKo10FSNdAcA63J10dTm1e2b9Sfi4k7H9pG727Oml2Lm66bHVflkri7V/tspP/fInF169E+uFcTP343W1YX7CcCaDD43aTvh4/lZ5t9E5miwwm9v7+qdm/Wk5/L7xsFJ72Rn8LlqAez4e9jrN/UpFNMDj/bi1xjvLPlvgcb1gnfFa5aH466jGbbiFdOWMv7QbwdR48Yf6pejseOf30HrXqEUXM/wbaH5Y7FIshHQFAOtwN9KV87MjL0MaM560hoq59qpyIqrFIScD9cNTicXvx5vQhsjshDH50qwEKSBja787vn7ZCGf0YdaaSUbl7XB+pPCfzkvWB1cyqoeq5dUyLsbdfWU5W/XepFC6ipdzU0j/Dc8+UpR5Omg+UVxQ43l7NP96ntvt3flXQ2Xlnl3SFQCsw+anq+GkV59329lpq2aEuc5Jd0+VG3LJxrUP4ljj3c6HYX+Y82sg3+2WSjab0IaAMmF8HtuHymQlGC8H85LN5cRKMo2x93HkeG2+dEYfkzM2Xlgz1vBwR++r4rAHtfb3iVj4/2IyeJttUvnVYNZCIL4LO72cWLl1FFwldzo89Kow9g5ahfqu3FTLJdm/4Xlv1zm1lEWE5lxP96QdXY5QdD39d9SY6V1ppCsA2Egbn64Mw7tHVt4O/AEyr6ajVr6Hp/FVfdsavX8sjpBkk81JOynwaWcstoacOPQYh3Mm9c+zCW1Qpiv/upa26p9GQbJxxops8bh9En4/zx+pFEd5RaVyg9PfF9s95cNRfkxr8qkWf7n2OZOdUl8PGHv/zoqVqWZ4yulnLyY9ddqZkVNH7WCR2zTV37DyzUJvTa+y8qv+xDvhS2eYxOXYjOuZy2SP36aWMJ32Ur/e7My6DNIVAKzDxqer7HrZqrrequtRvoUmnWzc4Rvpzva0m7tvRffvZTsJNqENynTlp5aeXJWdf8teLvoIk49VcYQvGxrcb02xx1ft/hbbhd9d+cv5lesnn3ONVVwTn3dt003Ov7VmovzLnJGulG/CUf0NK1+Imck97lC+CiHV9Zx0n4m9kVwIy/18s9f1XRjpCgDWYePT1W72f6kr7gez1uJSzZJJJ5tMd0UmcATCW+nSyWYT2qBKV5kOEvWPqKzxvO8vtB8zcr9y+sXJxpthqifm3z2xI5IZMst01QSUf0i5riZVCHOPzXzn4awx1qJRQ51Wa+n3RE26+YU689fzOJ9pm6nr5cudqdHKHbMk0hUArMPdmNUuU9wPDFM9ZnZ9ssnXaFTfj9IDja598Lj0etnb2Sa0QZUGcglD9SO+6OdjSHasMx9tM9Wl49e14Ul1wJ6iHflcouzCLHTuwirpKhMi1dcz98esGDhW/DErimr9EPtWRLoCgHW4F+lqVkUL9xsJW7udVLr53a3OW6p+rk1ow9LpSlFjrrX5/hhnkB4NTQ91nfUz04wK9F3lh/wUuaSiHC+7qXS1XFpV1Ki45oqiZp3CokhXALAOf3i68krLjcyEjIp4+mxFm9AGjekqP+Uon65yv2N2Wvp02N4PlnQKX2t97bwr5YSqv8S+mDpwbFS6yl1P0hUA3Et/errKTrJOK7/K3vsXtglt0JiuVKdzrbmvUUo4vwftv8NFODPy6Urxp3IX05ViZPCv/COBiqIYGQSATfbHpyv/Dpd/eF6y0xikZisvaBPaoC8NqIbtClD0b6X4uSpY2Wtrvzv4oGhsNl0Vz0ybna6uTtq5eJWvMd9Rl5/5viTSFQCsA+nK485fV7Nk7KUfB1vEJrRhrekqnxgWMh1G/VVGJViZvdC8q3uTrhQrMlSya1jkFnfILOu1CtIVAKwD6UqYfGnM6z5SrwhfwCa0Ya3patYDm9e6nA7fJS/SiVc1+8PSlWI10eyaqJmJaDumYoXWZZGuAGAdSFeS077yJXGh+pf0IgkFbUIb9KUB1eKojblvzFFzf3Xr0osj5XU4C6Wr7GOJvruarnJXw8tXjV70Jpz0ywmuf1/hgkhXALAOpKu0y/D9dCrz37s3yya0QWMa+Jlf/dK45nRy3GMz3UWXCk+F0tXVKN8O9eyuu5CufH5P3p5ySr9gVJq98VLheh7SFQCswx+erryW1/vn4kPM+Zl5q27g0VIDc5vQBo1pQNVplFtIc678q47Tq6QWS1eqt9Yoo+ddSVc+d/K16eXOrZ1KOe7KMrYr+83u0TjoytKPdAUA60C6mvHWttNBY0d8RZjxtrtrbEIbdKYB5W+tSIcx95tpHsfxKf1SxUCmJcXS1dXkU24Vi/w7eTx3JF25vyx/RHinNZh1xHqQrgBgHf7wdBV0gRiNgSocuN9bqSCwrpHB9bdBaxpwvqReMxgyZr2l52LYNIzmt3in3RLfSKRb4g5f57vsFOlKtUiYYowy96Zn36alK+ebmFwlXagbQroCgHVYa7pq3VS6Ulfkfss8ye7L3IDD0uRZ1Yn0TXS5GeWb0Ibl04BiZUvvlEZmpkfNZ+x9zh17ObFeGIb8+hdVS0qvBknX1o9Wbv0njypdqbrBsvElPwoZMJQztPxgJw6QLJ2uVG9xVqYrKSbm0+GaKf/LXfQ/WwBAlo50daGYixPIrdwzX/4tK57sDUl5P6gp14KafKyI/ZLMXTDOalv73eyS6PJKj49MsWDAgjahDVc/8h1G+YRhK+aJz4qt2WnpIaPyT9c+DZvoOifhUJdpy2ekmrYVJjP/a6dW/Zk56Clmdqk7dc4HuY4po/reFk/bfTf9iWuGoTgtY697MnWzM5lUeUgZ7Ipcz9wiVT7FtDmnvy92eowX3dHsMVb9/J5FUbUk/V5IAMDiVk1X7qnd2Y8XLcrZaVgnTqFIcD6yXqlu2aVy48tY3AgvndFHZWdEqfxmMEnlkujmmpduUqon7EGtfTQO97lng1bSQ1OWZg4Vtwlt8AoZms9VjTCq7eOoDe508EZ58Y29j6OkoZJJT/1DpChWQE2FiQwRLs/7iqFHn+IKzMh5kZ3W8KcqsgtScnJnPqdZfmWNzpN6Z19PL7EVu55yqlOGMLWt8tNKZb/Z/tQfnal+koVcutNfA/WJeHYa3eOJ8ncHABSxbLpSTSeaLzd0IlEOGMn8HqxZ44+x+GapGmHMEiM+qncGp3kp5OcS43Gb0IYCP5Pf43JtU9UTcZwf7VpqlaaUrd22reyGUY7WBcsNRHdzd3SYjyblxlf1hH71w5UeL1p5Dcj+aXkZpd78YA2Ox9M4jhf5Yw67prRfz2l/T2xciFH5pz9Z5inCIn+Wadk+TgDA9bTMu7rDpr1a+cB/AYt7Pra/dFsva5WH4b3avw2bPXu6zD1sMZvQhiVdTkdfus39ZAWBrZ1K/XV38GtuFnTG1utquLbT1k69+WkwyR7ujHvNangRjO3qy85wdjL3uVO7Z9afiOWivDKTi3Zm1f0mdawjezzdwO6Y/JtwilJP1AMAbIA/PV0Bt+uawc15jNZ3Ru8AYBORroBbNvnanPsG75mMwyXf8QgAWCvSFXDbLiajj41tEZkWwaQoANhIpCvgFk0Gr6vhM7fGk1b/1+ypYa7jONPx9678ku+Kcol/AMBtI10Bt0Z6n0/hxeGSZeGqi60nBwC4KaQr4NbIS53VPhXqiJp8FitalN8z6QoANhTpCrg17k/5gUFj+2/T+j6eOk5mHXl/VPB0NOi1G8/EKGLl0F/CAwCwmUhXwG1yf1lNkZkK2XrWtP4jWQHARiNdAbfPdSajI6vzrll/WqnspMKW8bBSeVprvO1YR6P0654AABuKdAUAAKAT6QoAAEAn0hUAAIBOpCsAAACdSFcAAAA6ka4AAAB0Il0BAADoRLoCAADQiXQFAACgE+kKAABAJ9IVAACATqQrAAAAnUhXAAAAOpGuAAAAdCJdAQAA6ES6AgAA0Il0BQAAoBPpCgAAQCfSFQAAgE6kKwAAAJ1IVwAAADqRrgAAAHQiXQEAAOhEugIAANCJdAUAAKAT6QoAAEAn0hUAAIBOpCsAAACdSFcAAAA6ka4AAAB0Il0BAADoRLoCAADQiXQFAACgE+kKAABAJ9IVAACATqQrAAAAnUhXAAAAOpGuAAAAdCJdAQAA6ES6AgAA0Il0BQAAoBPpCgAAQKci6Wpq7ZZWsmtNg4LsA7FBYtrBroImX5vVh0aptFV9bY0vxEa91lrF6lfgtkx7NdHeFEXjb+A30sv5Pei8rJUfBCdkbFf2Tes4/IMFAGAZC6Wrcv3DYDx1xeZ86opSlMd1JsN3ta3cdudHuxJuFBbJFiftsviWz3gzjJuizfqrWOkK3DJ38nnPy02SXONv4DfSaTL4p5I+I2Frv3snoiEAYAMVT1dl8zhzo5yXrkLOUfNxdrtthgcLC2SLbPfJg/ZI7NHmBqpY5QrcvjMrfYGyjb+RC6jLxHqhTFaC8aJPFxYAYAlF09XjAzvXCXF9urq6coevDV3p6n70Xd3tdHVt4+9O39X030w/XJ7R+OqIowEAKKxguqp0f4sPkiLp6urq2DR0patwTo8/P2bN867WW8W9Tlc38htp4Nrmo9LWbnvwywnzn/NrYD7PxS3lnzQAAHMVS1cvTNX4TrF05d2PX2hLV/fCPU9Xd4L7rfn4ZX8iPkUubHNHnFjkD/z7BACsqki6mqVgusogXZGubt/0e3+k6ldzv7dS/VeG8n9XAAAwD+nq5pGuNti0vydOLfBywMQrAMCiNiRdOeMvZv3Jtt9tYGxXX3bs8+DYWPZRtUC+uukwXrjIeFhtfBhOL6/cH61Gr0C7bqAKYakrkDG1rYN6ZSdY8iJYoqn/35wY4E5P+t3X9crTslgjo7RVflo3e7bX+NmcyVGn8Txokne8qGJ2urruAs5c6+tyOvzQqEXn4s/WmnMqzmTwqVlPTkTNPBaHL85uiTJ8tQV+VgAAhA1IV6eD5pPcbGJjzzoVXxAu3fGn9O07XZ17bAZPq5XNH8HN+Xw8OKyG5VY+ZifYqN1AFb5lr4DgNbIeZIvHjX/9Sp0fYauM6vtR/gE952en5mVBY697Ek7fdqdHrfixPuOJaSujzIVtRk0qHwwdL4S508GbWuOrJYePVLryXHcBc2t9tQZh8zJ2TFs1bOd8a0WLUxl7H4MMdj7MzZTyLZ+u5IxoNAbzMy4AACq3nq4Mwyi3joIlSk+7qTvzfj973z9N947I1QWPgGU3Xl1NesFT9wepDDDPDVSxyhXwGnEQRSNp7+idv6yYnzl6qZAXxcFS6VFLyisT669wq0+1qtOk+0zsLZUaA/mLmV88k648cy6gL3PuXvXV9rF/Hpl1Sh+/y853cr4341BYetaNz9P91hQbc6e/jGMzbkZ1gcQMAEDi9tOVdEfMFNjIznnJjD1J1TlfG2Jj3LEkTPsvjAWizw1UscIV8JJEfO9vfks6qqSEUe8n3S2p0oxkClGmlpp1JnaEJp+qYo/ndXrBqpN2mOMiuXQ1+wIGMuf+uPUjKt4dxufge5rkJ9/5oCGFr1RPYWqmVFW1dMgCopxaKu1s8jqoAICNtlGz2nN3/czQ2Ow7d3qJ8K3ah1ESS353qzrSlbYqlr8Co3YyCpbe9VPqcfkUJw+5C6pUehTHhUwthvlT7AiM2mEXXSA34jmn8YHF0pX89XklZ5aA3/tXLjX1xcfvVwhF7lA8MThzWBYAgOttcrrKzZ6ZE33+TT3p5TGeNK15E71nuIEqlr4CqX6jdLeW3Gx5pO90aP7tT0s3Hu51TuJeolHnqTg2NLuW/LTueRnIt550lZkRn/7DSH9xgZibFWW4/EufAABYwD1JV1fn/brYKjOqh/4zfQu4gSqWvQLp/pt0rEk1O71L5kwG7+r1D/2ONO/KM7uWPyldicFHHZO3AAB/tvuSrq6i2eU5/mNxxd/HcgNVLHsFRofKyvP2FC8fvpwO39W2vOjw2YsOC9SyIekq03EozznLfHHZNRSCyXPe9fk4ptsKALCi+5OuPJMvjeSxMlnxGco3UMWyVyDdf5Odij7H9EgsZFAWr+IuXsumpKvMrPaanxEjziB+3GDpNRSC3GxUDvOvKgcAYGH3Kl35TvuKtaNKpcbXYhOkbqCKZa/A5LPctMxU9Fkmg1dRGnxkRtmheC0bk668Rn8JV/kKSKtRSO+uWXa+1Em7PDNaOYOXdUVfIAAAs927dOVzRh9q2bW8C07HuYEqlr0C0rILvgIPx7mjw6SjTTp+gVqMw0wtt5auPM6PdrT0qD/E6Yeh6aAVPkf5oNb5ucQTBuGbm9ULsV65zujjnpE8awkAQCH3JF1Ne3ut76n7o/urW5cXAV85XWmrYukrIA+BeYzmUDHZyxkcWmLYLD0NX+qFmltLZvJ+Lh7NW6vds8505bsY9/+R13vfKu82OkdjfzX5ZUwsf7rVXJkVvwAAuM69SVc1ef1uQVpcYPWRQW1VLH8FXPtAXi3Bn0eVqXLSa7Z/RmHgOFVPsnLVxTBZkzSQqWX4Rt6dWp8zN6+/dZPpKui7CifmayEtfD9bao4XAAAFrJKuRskSliHDLDCGkrmJNqWegevSVeYtK39FnTRh9PHSxpthKm3Ed/riU85voIpVroA/jCV2hcqvuvZZ8H3XGX2qVz9IrZCWGPUZDX/+0OVk8HnYP0jtaRyle2fO+nKGMl50g1f6OeNeo/JiL3V9vEL/Dd7hE5t9AQNzzn3OLp9z1AiGYnN5blnywvezFZzfBgBAYtl0FU5JEXegmLH3cRS+K3iW3Ht8H7e+ibjinvXl58I81fd2MuJz6Yz+l76zl2qdE/HdeJUmf4XP8HXFl84w7Jl4UO8XXHf7BqpY5QqETgcN1XuLvXblJg/Ja7uHtuqf/BUH3GMz1QnmfflFKga5J23xempJsPBEJgOFon6muRfQM+fcnW+tdJOSXb54FfXM9qWdWurVNbJyr2MCAOA6i6er9HjTLNlOl0Dmaf/EgT272ODOnRlvkgVjT9Penr8I5KUzPuo29yv+8uRelNipNT4MJgXvjjdQxSpXQOaFmC/txm5ZTKt/UK697Ax+qxrhjLovq/5hxnb1ZWcojdJNvjSrD/1zMB5Wm72gcyrDGfcP6pXgGK+K+rtw0VTbfFCuPK0337U7vcHw+2jiOG6Y/667gHPOfd5lCc0pPBS26oNlS+c4kzvKdAHOlO17AwDgequMDAI3JTOjf55y6zvdTQCA20S6wt0w+Vda72o+g+E8AMBtIl3hzpj+MKsiQF1DOTANAMDNIF3hLrgYdXaD+WPPzeGp4rkJ15mOj8x4Jj7pCgBwi0hXuANG78UDhfNjk3iNj9FiAVAAwC0iXeEOGH8Qy37OXdszXHjd8B/tBADg9pCucBdcTqz9cFL7Vu3dYDyNloEI+MOC37vNZ1ulB1VTy2pYAACsgHSFO8M9G/U/tZv7lcqO9PigsV15Wmu87fZPJnLkAgDgtpCuAAAAdCJdAQAA6ES6AgAA0Il0BQAAoBPpCgAAQCfSFQAAgE6kKwAAAJ1IVwAAADqRrgAAAHQiXQEAAOhEugIAANCJdAUAAKAT6QoAAEAn0hUAAIBOpCsAAACdSFcAAAA6ka4AAAB0Il0BAADoRLoCAADQiXQFAACgE+kKAABAJ9IVAACATqQrAAAAnUhXAAAAOpGuAAAAdCJdAQAA6ES6AgAA0Il0BQAAoBPpCgAAQCfSFQAAgE6kKwAAAJ1IVwAAADqRrgAAAHQiXQEAAOhEugIAANCJdAUAAKAT6QoAAECnIunKNksLOrBVX6xZZ8HmOS5Gnd2tUsmo/DOYiE3Lc086tQd+Yc2vKxa2+Ims23H2N6n1pmKXbzL4p2KUSlu7ndGF2HQ7Lp3RF7P+ZNtrjPdLbD9vdL7L7QQA4B4qnK6MSuvL2HHDLVNr179bhpL7+vnIelX2N4l0dXXlDFuPgoN814eS0WFwFw40vjpi65JGplTYYMXCFjyRG+HY7yqiRel0Nf13T2wtlR6/H4mtN+982HqS/AYRo3Joi78jAADuo4Lpymh+k2+IM9KVzxm8NJJ0lTryLqerBU/khkg9WBuXri5s8+/W4DT4s3Gnw8OqlLOq3d/BMQAA3EfF0tWzbnpobU66uro6aT9eNl1FI4Nb1df6RgYfVFceGfTcpXQVjQwa23/f1siga39o26mq3cEr0VTP3r/pvxkAAO6RQumqne3/mJuurkbt98umq811t9LVBrgU/zc27dVEW0uP2ydiIwAA90+RdJU3P13JSFfrtMnpKsc+EGODxsuVx2kBANhgN56uzu32fnnL+/Sg2uyNpclc2ScTU8VejK3XtfIDb7Ox/Xd7OL1yvzXNY7FTIftIXSoPOT/a4im2oA3O5aT7xroumxQ/Ecl02HkZNru0tVNvKx+XcyaDT83606Aoz4Ny/aA/VqYPZ9w/qFce+g3feta0frmqdJX6aXzRKK3UdRTwtzvjXrPqF2hsP2/2T8MDU5z/+uZ+JXzkL2+BSHdqBdVv1d7ZRCsAwP12o+mqc9TdS92njb2eNCPq0hm8TnZLxY7aO/6Gzn/+fdn51Q+fRJuXrjzng6ZUWJyunK8Nb/Pj14PppT/b2v5Q92PN7mLp6poTCUy+NvznJx+1hl6rLyfWC/8L5YPU43LOt1bFCBrjb3Unn6IAtGOmJy156aRfD1JaabfjZy93Yu3Xrc+tYJNPulzu+H9VsdWTzIG7Ssr3vOmGTUoYjcG5ODLg2of+sg4er9n+pZ8OmsmDk75C6epiYvda8Zz2rd22naoFAID75ibTlR8aht6d1ZFyz6O2PKVL7l+Ji/XyULChMYgDx4Vt7lyXrtJ5KEpXo3aQDyr/G4efPZPenrFYurr+RNyfZrA0Ran+JeqpOQ4fYTSSZyHPwu6cUulZexRmrnhL9lm/MF96jOSsL4ZSfEz/CnLXnZSuMl16YWaSo5g82TyMoYEkm47ePw62KNLkDNkuSZ+xZ6n6yQAAuB9uMl1VOr/yG1NrJSjTlX0gthjP26Po4GtGBn2qdJXEl3LjS5wPFh0ZvPZEJt1n4cZaEiPiquMkJ2UdEcKkdCWnIucoDjrNodT3NfmUBKOF01X8HKi0UYp0k+5TsbFUMuMioqTr/RgtuSXzuM74qL0XDGgmsk+hAgBwf9zKrHblRp8yXU0+Jmtm+guv99SzknJUtbjDptji29r1p3AVs8iJ/O5GLZY2JskpzmGTweuqv/7Es2Dxgsvp8EM97PHyvY0jjTt8LbbJQccnBaOF01W8XX2w3OckVZocnPrhCnCGb8U4Y6DCklcAgPvqDqSrq7N+epJT8IKX6xOWshZ3dJgEGJ8X15JOrDkWOJGkg0ctdcoBf3Z55Ulr+FPqu0oGK8VoZuDG0lXc/eZJKnW/xel0rz/nZ1dz7bfhwKLvuq5HAADuqruQrrzb8rEp93v4HtSVz7hJZtUy6e+L5/MiRd7NssCJSGchjQzO4P6ymv4k/eBIeWQwSVczupE8a0xX8ryrZNAz7kdcclWF8349/D7pCgBwf92NdOWbDrIvrbtm7s7MWvy+ok/Bo4IJo/V9fr5a4ETks0i/QShLPFdYKj1+F0x42qR05ffzfaiFVynzzKA/AW7JJeAn1l9Bid7lYmI7AOCeujvpypdJRZnMlDGzFiET11LBIm+RE/mZvOHQeDN78vdJOxqkjNYuV6eraf+F2JYdj1tvugqcDpr/X+wslbbK+83u92D5iCVFV4xZ7QCA++sOpCv7oN6XVkhyf3Wig1SZKaGq5cxqhL1EgjN4Hc0E0piu3GEriW2ZNxa79vtOOAwpvbI66shRp6vUs4HJEg9eWUfJBK/aZymuaEpXzo927UGtu0Qn01m//tAoPajlFlAN55BlXgoOAMC9sly6isd3fJWPc7ohNKSryceK8cKS6oieoVtiZNB/ZrBsHku3dvF8n86RQc/ko7Se54N69ySIRO50eFhrRcEiXmnCU/XX33LsA2nG/V/SKZ8P4jlQpZ3WwL8w7vTIX4k08arvxK/205KuRNdaQ462Bcm/o/9g5mlwyu6k/8ovMrOkKgAA98wy6co5iXuPArud0awbsDNsJc+7Gc1wIc3UKupG8yjqjLmc9l9KO14PwrgQ3qqN5+bgV3CkmP1TNn/OvUdP+0kiiasWc5jKjU92ML7ljP8XFP7iugfgFjoRX37uvMeovhfrhnrkHimfF8J+9uUFI0o7Zny0eyyWJ00Ye/Ja7YEw4Tmj91LJzzrxa3pSa7V72/3Lm17YXWz0SV1racZ25Wm9+WnoL3Y/Q7yYas5W7UNyBQAAuJcWS1dyn0ROqvMmoFin2zxWblQfHE7invZM6/TK+T3ovKz6L7zz7u77161TJffHxPyOGbv91nYvp3bPrO/46Wdrp1ZgAa2FTiTmjL+Y4oWGpa3ybqOTHSYT610ZD6uNDyKsTL42q/4bb7bK+9lVJ9zTgXizob83eJ/Msbn9pFJ/3e5+Gdq/po4fW+TutJj/0yh+u13LVm0MWzk7IQnpDsWs9AsKje0ntcY7y74mwwIAcB8sNzKIP4Lzs7P3/8J4pCS9lgcAAERIV1BzTzq1ByXjRTc77HvhTI5aYbfW3AcaAAD4Q5GuoCQWiG/9EJ/TxPgjj/4BAJBHuoKSSFfq3inXNr290qR7AAAQI11BLXpKsdzojabxyuyuMzm2Ws+NAm8iAgDgD0W6wmzn48GnZv1p/OhfyXhYqb1sdY/GydpaAAAgjXQFAACgE+kKAABAJ9IVAACATqQrAAAAnUhXAAAAOpGuAAAAdCJdAQAA6ES6AgAA0Il0BQAAoBPpCgAAQCfSFQAAgE6kKwAAAJ1IVwAAADqRrgAAAHQiXQEAAOhEugIAANCJdAUAAKAT6QoAAEAn0hUAAIBOpCsAAACdSFcAAAA6ka4AAAB0Il0BAADoRLoCAADQiXQFAACgE+kKAABAJ9IVAACATqQrAAAAnUhXAAAAOpGuAAAAdCJdAQAA6ES6AgAA0Il0BQAAoBPpCgAAQCfSFQAAgE6kKwAAAJ1IVwAAADqRrgAAAHQqkK7OrFqpoJp1lj3ePBbFKE3+rW8bJeNhvX8qtixqtRKm1q5op+/AFptvxrEp6g3JtV/Y7WdbpdJW9Z3tik03zT02y94v2puKzwAAoJiC6arc6I0ccZ+3k1Cwa4l7rzu1PzXKYbryOIOGOGJ+uhqZhjjMOByJbYtZvQRn8EqUcNPpyqeuffrvnthY2uvfSrw5HzSCC0u6AgBgUYXSlfl5Iv7tU6WrwOhdQ6Qr6ZjN7rvy2QeiqbeRrmbUfst9VxPrhQitpCsAABa1xLyrmelKUjRdbYJNTFe3avI5GdolXQEAsCjSFekqxT02awdWJ5qORroCAGBRN5Kuzu3239tGqbT1rDlIxu+kcjxJtnBGH+rlB6WSsb33YeQ4w+bhrNixegm+dL5x7Hd7flsfVJtf5fFQYfq903ju7y89KNffDaeXYntoemy1X9b8qj3GdvW1NXbErpjzn9VMSrD7b4ODPVH7pz35qQAxlS1ppMe/7O6416yG5/jOzlYyHXbiZqRdE3YvbHPXtC+Syf6kKwAAFrX2dNX63K/Lt/kdc5TMJBp3norNcbaYfKx6nxpf/cDgnFiNHTk25a1eghRc3lr9/S3xb1/Z/CnPenLtw4qXiowXlhe7nO+tx9G/xd6DcqlUaR8H9f5s+43wpM5XPIjnfa955B3mjN6Jo3xSI92j+KmA6EEB71Q/VMS23Y4VtCRW/ZQEQa+KcF/5wE9dYTvDj9dN4Zr2X+xZfvwlXQEAsLy1p6vSTmvgHTTt18Vnw/wpDpLv4lG2GLUf+Z9q8Tz6U2tvXs/T6iXI3ULl1lHQ1n3xWX4O0f3WDELL4/ZJuEGcY/2LH6euTtoixByGaSq5Akl3kWubQdtKj9pRuZPus2CLR46AyWINSbpK+rQMY+tl3/GKexvWKf8Q4vS9nNf9ndmSFKU06dXrvfCika4AAFje+vuufmS3NL/FfSiKbBStsGBUD7PjbiqrlyD3XYl8k2x5PYzaGlcUZ5TojF4O/Hj1uyu6oZ51g4SiSFfu95ZomnTdkrqKp6tSvX+e3vI0rDQJedIXk0s0b1jwd7cWnoiPdAUAwPJubFZ7skW6Yeez0dXofTB0FjCeNK1f84ezVi9BkW+SLfEJusOm2JQTd0Sdj+3vIz/POZPB+71tsTvJNKP3UfKRgtQy6SpqlZS3TPHleekq7nXLEdOtxCf5qpKuAABY1Malq6uryeBVEo9KpXJDNbs8snoJxdJVsgB9POKm4k6H72pb/mDoMHcF1EFKc7qSxwHFAwSTbjg1bScejszJrBqfFRcOAACut4HpyuM/ECdN2xYDYSqrl1AsXU378erp4Xz5POdnp+Y/xBdODM9fgavRYdSgaAjSoztdXbkn7WpQj5jV/iOYRy9aNQPpCgAAfTYzXQWmg9YTEUfigJKzegnF0lXSJ+RvlLrCJtbHYG7WSVt0l4mpWop05XyNngSUrpv2dOVzRt0X0cjkg3L9oJ9fGGKu5KoyMggAwKI2LV3ZppxdfneDRQhmTxjSUELBdJWazlV+M5h6GerSsd83w4HCpF/qWWd8GfUYBcRDhZ7o5X2lUjOaLe8m7xl8FU8qXy1dXYy7+9vBig9LI10BALC8hdOV+7sb39K9m2/3t2rOuPQW5/q/we1Z2lKLF2e6lFarejMMNvn39a3d9vDMLzZaU2r2i4xXL0F+j/J+eJi05a/oWTyPO2pHPWERY08sYSDNWPdt1XuDTrzUgndYeBH8VQ/2wiLCizD52mnG6dAnslTSy+Vd4WhEL1nv6pE5Cp6FTLaUWkPxdKRrH3gtedz6TroCAOB2LJKukpndGUn/ii93WK1nJd1dgeCeLfWBhfyuo6n1rj91JgOxYHq5fjCYzFxVYfUSpK6v0K5lxR1XIbl/7nI6fFevPPQD0tZO3TxKotfVxajjr0dvbD9vWv/5ycY9Cadhbdc/jeUEOjky98ISnjX7p1f24XZlt9H61B+eTJzgqT2pRyrkX96kO00wrexhYfdV7poEjIeV2svOsGhSIl0BALC8JUYGscmcwauwd0zFaAxmz+4HAABakK7uncvJ4B95QYqUObP7AQCAFqSr++XCNp8Ypd3uJDMd7mIyeP24VCp3/hMbAADAmpCu7pfwhTyPGtbJ1I1nm12601/91o5RObz2Rc4AAGBVpKt7Zzrsvm3Unpa3wrFAfwJ+pf660z9Z5SlCAABQFOkKAABAJ9IVAACATqQrAAAAnUhXAAAAOpGuAAAAdCJdAQAA6ES6AgAA0Il0BQAAoBPpCgAAQCfSFQAAgE6kKwAAAJ1IVwAAADqRrgAAAHQiXQEAAOhEugIAANCJdAUAAKAT6QoAAEAn0hUAAIBOpCsAAACdSFcAAAA6ka4AAAB0Il0BAADoRLoCAADQiXQFAACgE+kKAABAJ9IVAACATqQrAAAAnUhXAAAAOpGuAAAAdCJdAQAA6ES6AgAA0Il0BQAAoBPpCgAAQCfSFQAAgE6kKwAAAJ1IVwAAADqRrgAAAHQiXQEAAOhEugIAANCpQLo6NkvXOrCvruzkuF1rKr6cZR/4+2u9WftnOLNq/vdMr5qipGYvXN0iwjMKmcdi4zINXtC0F9Qg838FAABwywqmq5p1Fn5IIlSUJKbWbnxfj/bOTFfXHqAWJ4kkvhQRBay1pitPvnlLNngBUpYV1pjkAABAcYXSlRQR8unKY5tF05Xo6Vk4c4RdQQtmsltMV0s2uDjv1OipAgBgIy0670qZrmJLdk2tyy2mq/UK+guFuFsRAABshLWlqyjZSEkr+a7U7yJ95cwyVTEozi5ykohmO3lbptbBjDAnpat4dlQuaSVJJbtLzJ0K5UJMfIIl00qnq1yD5TBk2skX02Wmqovl6vUojmRYEACATbGedOXx8lMcAuIsld0Sxo4gGQS7ZnUySVnK/xjGl6ABQQmzusqSHOMfrOphChscFBscHDcgODiTjaQEI0oOD1Bck0yDpULCc5cyZbg/ampyUp4Z5xUnxTQCFgAAG2GtI4O5DJFNV+IAUdSMvitPJqyIj3FEK9B3pfgYlxM2T7QtzChRvgmqmBmVovPK57aZX8mUH0Ui9QkmX58l+Tk8s7IpAAC4SbebruKQIR2jkkkbuaG3Ga5JV5mQFLY2nW/U6So6L3EWGtOV+BgVOPfsYtmrCgAAbtPtpiuPFLBmh4lcWJED1uw+m2vSVXIustR5xQ32RbXnzmL1dBW3LSgh2ls8LYVfJ10BALABbj1d+aSoFKWNtHy68knRR9WYwukqbl5KuNevMVv7OtKVL7m2npmRUc3/7oJfAQAAa3Hb866yu9L5KZIJK/ZBNrWog8U16UoV2o6t4N9Ry4N2zoxKUeO1pCvvK+qMmBNWlz5lr8HqYAoAAG7YLaUrsSUIGWHSCnfFR6ZFYUVUGsQLOaZI8Uh2XbrKtSdaFlXefmaZu+EnOYSFRYVbkmviCVuYaXAuTuXSVdS2NHVgiguPL1fxZAYAANateLqKA4FMjjWpkFHarYmAEvJzQPoAP8cEj/slwUIdJqRxQ49f47RnWmdJaepgkc4rNZGQBEXA8iUNSCeYuK7kfKVWifWu4jJzDc5culot9dGvNP0VmfKaZH8LohUAAJtj0b4rrMuMgCXnVwAAcAeQrjZCEK2y3VTKjQAAYMORrjZCMBCZ6abyh//SU9cBAMAdQLraFMlMrwizqQAAuItIVwAAADqRrgAAAHQiXQEAAOhEugIAANCJdAUAAKAT6QoAAEAn0hUAAIBOpCsAAACdSFcAAAA6ka4AAAB0Il0BAADoRLoCAADQiXQFAACgE+kKAABAJ9IVAACATqQrAAAAnUhXAAAAOpGuAAAAdCJdAQAA6ES6AgAA0Il0BQAAoBPpCgAAQCfSFQAAgE6kKwAAAJ1IVwAAADqRrgAAAHQiXQEAAOhEugIAANCJdAUAAKAT6QoAAEAn0hUAAIBOpCsAAACdSFcAAAA6ka4AAAB0Il0BAADoRLoCAADQiXQFAACgE+kKAABAJ9IVAACATqQrAAAAnUhXAAAAOpGuAAAAdLo+XU17tdJMNessOaDWm4rvSOwDcVgBtukdu2spSskKjvSZttiysuOoyLjMM8s/sQNtNYTiy2Ueiy0AAOA+KZauROKJMo0IHN7HMDZNrV1/8w2mqzgM6UtXnkyZ2tNVWOCMCwUAAO6HIunKjLJRJl3Fu+alq3VZR7oS6UdrmbG1Fg4AADbGQvOusukqQrq6lrhEjAYCAHDv6U1XdviPeHQvGBb0halCnsKVi2JR4SLciDIDqoHFOF2Jf8jBJfmutDEu3yennKSRPSldRaN44blIc8usdDt98nkJmUsUlyasI8ABAICNoDNdBTEo00kjvhJ89P8dhiovjig6uuTuKP/f8aSuOekqaEz4bxHpwgYEX0kKERHKb4ZcSxSMwsZEMSu1K12sx9ubPkepdrk0mVxUulgAAHDfaB8ZlP/tkdNVZleOnHtEZ48qV4Xkg/NfDLNL8O9sdaLkMELJzcvsUqer/DmKTBZck1nJST7m+lMDAAB32U2mK4/Yq84W6V6lKIXM6OaZla7EvyVSa0X68cnpKmrMUulK1BgcJr6SvT6Z7elKAQDA/XLD6SqQDjGJTLoKzMor16UrdeF+q1K1p5u3XLryiEp9yUZZeIAoKqw010IAAHAv3GS68v4tBxd1ABLbvX+LWoICi6erqEbRAC8w+d8VrfKaITJTVLtiXC/aVThdJec1W/iVoL8qzHD5MwIAAPdC0XQVJY9YMrAl7aqZB8m/vQOieeIe76NtHphh9PGkerN8UXTzeIHm2PQOFh8V2UU6WCoziizposJNUUuSh/7EwSIqeWoHpmi99y3RjxU4sOecY5TtZMqwlVREtAIA4B5bqO8KSlJsikTdWgAA4I9DulqV362V7ouyD0hXAAD8uUhXq5MGIgO5QU8AAPAHIV0BAADoRLoCAADQiXQFAACgE+kKAABAJ9IVAACATqQrAAAAnUhXAAAAOpGuAAAAdCJdAQAA6ES6AgAA0Il0BQAAoBPpCgAAQCfSFQAAgE6kKwAAAJ1IVwAAADqRrgAAAHQiXQEAAOhEugIAANCJdAUAAKDP1dX/AYUPHSFOikZDAAAAAElFTkSuQmCC',NULL,NULL,'IMAGE','This will produce the result.',NULL),(1010,1009,'The <b>&lt;p&gt;</b> tag offers a way to structure your text into different paragraphs. Each paragraph of text should go in between an opening <b>&lt;p&gt;</b> and a closing <b>&lt;/p&gt;</b> tag as shown below in the example','<!DOCTYPE html>\n<html>\n\n   <head>\n      <title>Paragraph Example</title>\n   </head>\n	\n   <body>\n      <p>Here is a first paragraph of text.</p>\n      <p>Here is a second paragraph of text.</p>\n      <p>Here is a third paragraph of text.</p>\n   </body>\n	\n</html>','HTML','TEXT',NULL,NULL),(1011,1010,'Whenever you use the <b>&lt;br /&gt;</b> element, anything following it starts from the next line. This tag is an example of an <b>empty</b> element, where you do not need opening and closing tags, as there is nothing to go in between them.</p> <p>The &lt;br /&gt; tag has a space between the characters <b>br</b> and the forward slash. If you omit this space, older browsers will have trouble rendering the line break, while if you miss the forward slash character and just use &lt;br&gt; it is not valid in XHTML.','<!DOCTYPE html>\n<html>\n\n   <head>\n      <title>Line Break  Example</title>\n   </head>\n	\n   <body>\n      <p>Hello<br />\n         You delivered your assignment ontime.<br />\n         Thanks<br />\n         Mahnaz</p>\n   </body>\n	\n</html>','HTML','TEXT',NULL,NULL),(1012,1011,'You can use <b>&lt;center&gt;</b> tag to put any content in the center of the page or any table cell.','<!DOCTYPE html>\n<html>\n\n   <head>\n      <title>Centring Content Example</title>\n   </head>\n	\n   <body>\n      <p>This text is not in the center.</p>\n      \n      <center>\n         <p>This text is in the center.</p>\n      </center>\n   </body>\n	\n</html>','HTML','TEXT',NULL,NULL),(1013,1012,'<p>Horizontal lines are used to visually break-up sections of a document. The <b>&lt;hr&gt;</b> tag creates a line from the current position in the document to the right margin and breaks the line accordingly.</p> <p>For example, you may want to give a line between two paragraphs as in the given example below.</p>','<!DOCTYPE html>\n<html>\n\n   <head>\n      <title>Horizontal Line Example</title>\n   </head>\n	\n   <body>\n      <p>This is paragraph one and should be on top</p>\n      <hr />\n      <p>This is paragraph two and should be at bottom</p>\n   </body>\n	\n</html>','HTML','TEXT',NULL,NULL),(1014,1012,'<p>Again <b>&lt;hr /&gt;</b> tag is an example of the <b>empty</b> element, where you do not need opening and closing tags, as there is nothing to go in between them.</p> <p>The <b>&lt;hr /&gt;</b> element has a space between the characters <b>hr</b> and the forward slash. If you omit this space, older browsers will have trouble rendering the horizontal line, while if you miss the forward slash character and just use <b>&lt;hr&gt;</b> it is not valid in XHTML</p>',NULL,NULL,'TEXT',NULL,NULL),(1015,1013,'<p>Sometimes, you want your text to follow the exact format of how it is written in the HTML document. In these cases, you can use the preformatted tag <b>&lt;pre&gt;</b>.</p> <p>Any text between the opening <b>&lt;pre&gt;</b> tag and the closing <b>&lt;/pre&gt;</b> tag will preserve the formatting of the source document.</p>','<!DOCTYPE html>\n<html>\n\n   <head>\n      <title>Preserve Formatting Example</title>\n   </head>\n	\n   <body>\n      <pre>\n         function testFunction( strText ){\n            alert (strText)\n         }\n      </pre>\n   </body>\n	\n</html>','HTML','TEXT',NULL,NULL),(1016,1013,'Try using the same code without keeping it inside <b>&lt;pre&gt;...&lt;/pre&gt;</b> tags.',NULL,NULL,'TEXT',NULL,NULL),(1017,1014,'<p>Suppose you want to use the phrase \"12 Angry Men.\" Here, you would not want a browser to split the \"12, Angry\" and \"Men\" across two lines</p> <pre> An example of this technique appears in the movie \"12 Angry Men.\" </pre>',NULL,NULL,'TEXT',NULL,NULL),(1018,1014,'<p>In cases, where you do not want the client browser to break text, you should use a nonbreaking space entity <b>&amp;nbsp;</b> instead of a normal space. For example, when coding the \"12 Angry Men\" in a paragraph, you should use something similar to the following code &minus;</p>','<!DOCTYPE html>\n<html>\n\n   <head>\n      <title>Nonbreaking Spaces Example</title>\n   </head>\n	\n   <body>\n      <p>An example of this technique appears in the movie \"12&nbsp;Angry&nbsp;Men.\"</p>\n   </body>\n	\n</html>','HTML','TEXT',NULL,NULL),(1019,1015,'CSS is used to control the style of a web document in a simple and easy way.  CSS is the acronym for \"Cascading Style Sheet\". This tutorial covers both the versions CSS1,CSS2 and CSS3, and gives a complete understanding of CSS, starting from its basics to advanced concepts.',NULL,NULL,'TEXT',NULL,NULL),(1020,1016,'This tutorial will help both students as well as professionals who want to make their websites or personal blogs more attractive.',NULL,NULL,'TEXT',NULL,NULL),(1021,1017,'<p>You should be familiar with:</p> <ul> <li>Basic word processing using any text editor.</li> <li>How to create directories and files.</li> <li>How to navigate through different directories.</li> <li>Internet browsing using popular browsers like Internet Explorer or Firefox.</li> <li>Developing simple Web Pages using HTML or XHTML.</li> </ul> <p>If you are new to HTML and XHTML, then we would suggest you to go through our HTML Tutorial or XHTML Tutorial first.</p>',NULL,NULL,'TEXT',NULL,NULL),(1022,1018,'<p><b>C</b>ascading <b>S</b>tyle <b>S</b>heets, fondly referred to as CSS, is a simple design language intended to simplify the process of making web pages presentable.</p> <p>CSS handles the look and feel part of a web page. Using CSS, you can control the color of the text, the style of fonts, the spacing between paragraphs, how columns are sized and laid out, what background images or colors are used, layout designs,variations in display for different devices and screen sizes as well as a variety of other effects.</p> <p>CSS is easy to learn and understand but it provides powerful control over the presentation of an HTML  document. Most commonly, CSS is combined with the markup languages HTML or XHTML.</p>',NULL,NULL,'TEXT',NULL,NULL),(1023,1019,'<ul> <li><p><b>CSS saves time</b> - You can write CSS once and then reuse same sheet in multiple HTML pages. You can define a style for each HTML element and apply it to as many Web pages as you want.</p></li> <li><p><b>Pages load faster</b> - If you are using CSS, you do not need to write HTML tag attributes every time. Just write one CSS rule of a tag and apply it to all the occurrences of that tag. So less code means faster download times.</p></li> <li><p><b>Easy maintenance</b> - To make a global change, simply change the style, and all elements in all the web pages will be updated automatically.</p></li> <li><p><b>Superior styles to HTML</b> - CSS has a much wider array of attributes than HTML, so you can give a far better look to your HTML page in comparison to HTML attributes.</p></li> <li><p><b>Multiple Device Compatibility</b> - Style sheets allow content to be optimized for more than one type of device. By using the same HTML document, different versions of a website can be presented for handheld devices such as PDAs and cell phones or for printing.</p></li> <li><p><b>Global web standards</b> - Now HTML attributes are being deprecated and it is being recommended to use CSS. So its a good idea to start using CSS in all the HTML pages to make them compatible to future browsers.</p></li>',NULL,NULL,'TEXT',NULL,NULL),(1024,1020,'<p>CSS is created and maintained through a group of people within the W3C called the CSS Working Group. The CSS Working Group creates documents called specifications. When a specification has been discussed and officially ratified by the W3C members, it becomes a recommendation.</p> <p>These ratified specifications are called recommendations because the W3C has no control over the actual implementation of the language. Independent companies and organizations create that software.</p> <p><b>NOTE</b> - The World Wide Web Consortium, or W3C is a group that makes recommendations about how the Internet works and how it should evolve.</p>',NULL,NULL,'TEXT',NULL,NULL),(1025,1021,'<p>Cascading Style Sheets level 1 (CSS1) came out of W3C as a recommendation in December 1996. This version describes the CSS language as well as a simple visual formatting model for all the HTML tags.</p> <p>CSS2 became a W3C recommendation in May 1998 and builds on CSS1. This version adds support for media-specific style sheets e.g. printers and aural devices, downloadable fonts, element positioning and tables.</p>',NULL,NULL,'TEXT',NULL,NULL),(1026,1022,'css-demo.html',NULL,NULL,'CODE',NULL,NULL),(1027,1023,'<p>A CSS comprises of style rules that are interpreted by the browser and then applied to the corresponding elements in your document. A style rule is made of three parts:</p>\n<ul>\n<li><p><b>Selector</b> - A selector is an HTML tag at which a style will be applied. This could be any tag like &lt;h1&gt; or &lt;table&gt; etc.</p></li>\n<li><p><b>Property</b> - A property is a type of attribute of HTML tag. Put simply, all the HTML attributes are converted into CSS properties. They could be <i>color</i>, <i>border</i> etc.</p></li>\n<li><p><b>Value</b> - Values are assigned to properties. For example, <i>color</i> property can have value either <i>red</i> or <i>#F1F1F1</i> etc.</p></li>\n</ul>\n<p>You can put CSS Style Rule Syntax as follows</p>\n<pre>\nselector { property: value }\n</pre>','.myclass {\n	width: 400px;\n	max-height: 200px;\n	overflow-y: auto;	\n}','CSS','TEXT',NULL,NULL),(1028,1023,'data:image/jpeg;base64,/9j/4AAQSkZJRgABAQEAlgCWAAD/4QAiRXhpZgAATU0AKgAAAAgAAQESAAMAAAABAAEAAAAAAAD/2wBDAAIBAQIBAQICAgICAgICAwUDAwMDAwYEBAMFBwYHBwcGBwcICQsJCAgKCAcHCg0KCgsMDAwMBwkODw0MDgsMDAz/2wBDAQICAgMDAwYDAwYMCAcIDAwMDAwMDAwMDAwMDAwMDAwMDAwMDAwMDAwMDAwMDAwMDAwMDAwMDAwMDAwMDAwMDAz/wAARCAC6AlgDASIAAhEBAxEB/8QAHwAAAQUBAQEBAQEAAAAAAAAAAAECAwQFBgcICQoL/8QAtRAAAgEDAwIEAwUFBAQAAAF9AQIDAAQRBRIhMUEGE1FhByJxFDKBkaEII0KxwRVS0fAkM2JyggkKFhcYGRolJicoKSo0NTY3ODk6Q0RFRkdISUpTVFVWV1hZWmNkZWZnaGlqc3R1dnd4eXqDhIWGh4iJipKTlJWWl5iZmqKjpKWmp6ipqrKztLW2t7i5usLDxMXGx8jJytLT1NXW19jZ2uHi4+Tl5ufo6erx8vP09fb3+Pn6/8QAHwEAAwEBAQEBAQEBAQAAAAAAAAECAwQFBgcICQoL/8QAtREAAgECBAQDBAcFBAQAAQJ3AAECAxEEBSExBhJBUQdhcRMiMoEIFEKRobHBCSMzUvAVYnLRChYkNOEl8RcYGRomJygpKjU2Nzg5OkNERUZHSElKU1RVVldYWVpjZGVmZ2hpanN0dXZ3eHl6goOEhYaHiImKkpOUlZaXmJmaoqOkpaanqKmqsrO0tba3uLm6wsPExcbHyMnK0tPU1dbX2Nna4uPk5ebn6Onq8vP09fb3+Pn6/9oADAMBAAIRAxEAPwD9M/8Agnz/AME+fgJ4u/YI+B+q6r8EPhDqWqal8P8AQbq7u7rwbp0091M+nW7PJI7QlmZmJJYkkkkmvX/+HbH7Ov8A0QP4K/8AhD6Z/wDGKP8Agmx/yjp+AX/ZOPD3/pst69qoA8V/4dsfs6/9ED+Cv/hD6Z/8Yo/4dsfs6/8ARA/gr/4Q+mf/ABivaqKAPFf+HbH7Ov8A0QP4K/8AhD6Z/wDGKP8Ah2x+zr/0QP4K/wDhD6Z/8Yr2qigDxX/h2x+zr/0QP4K/+EPpn/xij/h2x+zr/wBED+Cv/hD6Z/8AGK9qooA8V/4dsfs6/wDRA/gr/wCEPpn/AMYo/wCHbH7Ov/RA/gr/AOEPpn/xivaqKAPFf+HbH7Ov/RA/gr/4Q+mf/GKP+HbH7Ov/AEQP4K/+EPpn/wAYr2qigDxX/h2x+zr/ANED+Cv/AIQ+mf8Axij/AIdsfs6/9ED+Cv8A4Q+mf/GK9qooA8V/4dsfs6/9ED+Cv/hD6Z/8Yo/4dsfs6/8ARA/gr/4Q+mf/ABivaqKAPFf+HbH7Ov8A0QP4K/8AhD6Z/wDGKP8Ah2x+zr/0QP4K/wDhD6Z/8Yr2qigDxX/h2x+zr/0QP4K/+EPpn/xij/h2x+zr/wBED+Cv/hD6Z/8AGK9qooA8V/4dsfs6/wDRA/gr/wCEPpn/AMYo/wCHbH7Ov/RA/gr/AOEPpn/xivaqKAPFf+HbH7Ov/RA/gr/4Q+mf/GKP+HbH7Ov/AEQP4K/+EPpn/wAYr2qigDxX/h2x+zr/ANED+Cv/AIQ+mf8Axij/AIdsfs6/9ED+Cv8A4Q+mf/GK9qooA8V/4dsfs6/9ED+Cv/hD6Z/8Yo/4dsfs6/8ARA/gr/4Q+mf/ABivaqKAPFf+HbH7Ov8A0QP4K/8AhD6Z/wDGKP8Ah2x+zr/0QP4K/wDhD6Z/8Yr2qigDxX/h2x+zr/0QP4K/+EPpn/xij/h2x+zr/wBED+Cv/hD6Z/8AGK9qooA8V/4dsfs6/wDRA/gr/wCEPpn/AMYo/wCHbH7Ov/RA/gr/AOEPpn/xivaqKAPFf+HbH7Ov/RA/gr/4Q+mf/GKP+HbH7Ov/AEQP4K/+EPpn/wAYr2qigDxX/h2x+zr/ANED+Cv/AIQ+mf8Axij/AIdsfs6/9ED+Cv8A4Q+mf/GK9qooA8V/4dsfs6/9ED+Cv/hD6Z/8Yo/4dsfs6/8ARA/gr/4Q+mf/ABivaqKAPFf+HbH7Ov8A0QP4K/8AhD6Z/wDGKP8Ah2x+zr/0QP4K/wDhD6Z/8Yr2qigDxX/h2x+zr/0QP4K/+EPpn/xij/h2x+zr/wBED+Cv/hD6Z/8AGK9qooA8V/4dsfs6/wDRA/gr/wCEPpn/AMYo/wCHbH7Ov/RA/gr/AOEPpn/xivaqKAPFf+HbH7Ov/RA/gr/4Q+mf/GKP+HbH7Ov/AEQP4K/+EPpn/wAYr2qigDxX/h2x+zr/ANED+Cv/AIQ+mf8Axij/AIdsfs6/9ED+Cv8A4Q+mf/GK9qooA8V/4dsfs6/9ED+Cv/hD6Z/8Yo/4dsfs6/8ARA/gr/4Q+mf/ABivaqKAPFf+HbH7Ov8A0QP4K/8AhD6Z/wDGKP8Ah2x+zr/0QP4K/wDhD6Z/8Yr2qigDxX/h2x+zr/0QP4K/+EPpn/xij/h2x+zr/wBED+Cv/hD6Z/8AGK9qooA8V/4dsfs6/wDRA/gr/wCEPpn/AMYo/wCHbH7Ov/RA/gr/AOEPpn/xivaqKAPFf+HbH7Ov/RA/gr/4Q+mf/GKP+HbH7Ov/AEQP4K/+EPpn/wAYr2qigDxX/h2x+zr/ANED+Cv/AIQ+mf8Axij/AIdsfs6/9ED+Cv8A4Q+mf/GK9qooA8V/4dsfs6/9ED+Cv/hD6Z/8Yo/4dsfs6/8ARA/gr/4Q+mf/ABivaqKAPFf+HbH7Ov8A0QP4K/8AhD6Z/wDGKP8Ah2x+zr/0QP4K/wDhD6Z/8Yr2qigDxX/h2x+zr/0QP4K/+EPpn/xij/h2x+zr/wBED+Cv/hD6Z/8AGK9qooA8V/4dsfs6/wDRA/gr/wCEPpn/AMYo/wCHbH7Ov/RA/gr/AOEPpn/xivaqKAPFf+HbH7Ov/RA/gr/4Q+mf/GKP+HbH7Ov/AEQP4K/+EPpn/wAYr2qigDxX/h2x+zr/ANED+Cv/AIQ+mf8Axij/AIdsfs6/9ED+Cv8A4Q+mf/GK9qooA+Nv+Cg//BPn4B+Ev2B/jhqul/BD4Qabqem/D/Xrq0u7Xwbp0M9rMmnXDJIjrCGVlYAhgQQQCKK9f/4KT/8AKOn4+/8AZOPEP/psuKKAD/gmx/yjp+AX/ZOPD3/pst69qrxX/gmx/wAo6fgF/wBk48Pf+my3r2qgAooooAKM0V4P/wAFLv2utQ/YY/Ys8ZfE7StL0rVtS0I2Nrax6rdPa6dbS3l9b2S3N3Iis620BuBNLtGSkTAFSdwAPeM0E4rwT9lvxt8YtF8IeJPEfx28T/AfUPCMOnW2r6L4j8ELfafZi18qWW6luheTzRiFEETpOk+1kZyyoFBaf9ln/gpT8Cf23vF2s+H/AIW/Erw94w1zQYftV3YW5khuDb7whuYklRDPb72VfOi3x5dBuyy5A6XPdM0V8R/sR/8ABT/w/wCGf+CR3wd+OP7RfxC0TRNQ8YaZGLzUrm3WB9VvXllVY7e1t03SSlY8+XBGThWbaACR75pP7f3wW1v9lyf412/xL8J/8KrtYjLceJJL5YrO3IcR+VJuwyT+Yyx+SyiUyMqbNxAJLRtPoTGXMk11PYM0Zr4h/aA/4L7/ALPPwo+AHhX4i6D4y03xlonifxdZ+FQtvHewSWJa5tkvpZoxavLE9rbXAufJljRplVVQ5dTXqnxJ/wCCs37O3wd+CPg34heJviho+keF/iFE0/ht5rW6N9rMS/fkhsliN0yJxvbysJuXcRuXIV5H0VRXi/iD/gor8DfC/wACvCvxPvvil4Ph+Hfja7ax0XxIL5X0y8nWG5neMzrlI2RLO5DCQrteFkbD4Wu2/Z9/aD8H/tUfB/RfH3gHWo/EPhLxAsr2F+kEsAnEcrwyDy5VSRSskbqQyggqeKAOyooooAKKKKACiiigAooooAKKKKACiiigAooooAKKKKACiiigAooooAKKKKACiiigAooooAKM0jfdr4u/ag+M3xy8df8ABTXQfgb8LPiF4R+G+kt8MLjx5eahqvg0+I5bqePVorHyQn2u22KVmVtwY4KkYO4FTrb+u5SjdN9v+G/U+0qK+S/2V/27/FGi+KvjN4B/aM/4Qjwr4u+Btpa6/qPifRpJbTw3r3h+8SeS21KNLl2ltnj+zTw3ETu6rJFlHdXGO+/Zc/4KV/Bf9srxhf8Ah34f+Lrq+8QafpcWuPpmqaDqOhXk+nSP5a3sEN/BA89tvwpliDopdAxBdcl10JPds4ozXy34S/4K2fAv9oa+1zwv8N/iJHq3ir+x9WvtGl/sa+t7DWTYKyzyWF5PAtpfCJ8Fvs8ko2gtyoJrl/2ev+CovhL4XfsGfs4+JPjN4k8RXnjb4pfD7T9flk0nwhqWtT6jMLO0e8uHi0y0lWFfMuUPzKi5kwo4ICvrb+tb/wCTDrb1/C3+Z9mUV8++Kv8Agqj+z/4L/Z+8D/FTUPiTpK/D/wCJDyw+G9Zhtrm4i1WaK3uJ2t0SONpFuNtrPGIGUStMggVDMyxnA+JH/BZL9n34R6bY3niDxP4ssLW+0OPxI0g8AeIZlsNPd5o1nuzHYt9k+a3mytx5bKIyxAXBL62A+oc4ozmvjn9oL/gsn8OPgN+1j8M/AEi63rmg+PvDV/4ik13RfDWsaxGsarYvYNafY7SZLyK4S5lLSQsyw+XHvK+YmfQvD/7Yfh34ZH9oDxF8RPih4Pj8G/CnxFHZ3cp0q40seE4W06xnW0uZpWK3kztco6NADuNwkagv+7U/r7tGTza2X9dT6EorwP8AZ4/4KdfBH9qbxFr2i+DfGF1Nr3hrSV1+/wBJ1bQNS0PUl04kr9sjtb63hmmtw2FMkSOqs6KSC6g8/wDBD/gsj+zb+0d8R/CvhXwZ8SodY1XxsgOhyf2NqNvYalL9mW6a1jvZbdbY3SROC9sZfOjbKMiupUHWxXS59OUUUUAFFFFABRRRQAUUUUAFFFFABRRRQAUUUUAFFFFABRRRQAUUUUAFFFFAHiv/AAUn/wCUdPx9/wCyceIf/TZcUUf8FJ/+UdPx9/7Jx4h/9NlxRQAf8E2P+UdPwC/7Jx4e/wDTZb17VXiv/BNj/lHT8Av+yceHv/TZb17VQAUUUUAFeY/tbfEHUvhp8EdV1Ky+GOs/F+zYi11bwxpJtZL290+QFLgxwXLJFckITm3Z1MgJAJPB9OpCoJoA/HCb9gz4hftIfAr9qjRPgN8LviJ8A/g38RvAtpBoXw/8YtHozat4pj1CW5u5bCwaeVNLt57RI7V9whhleZGKMkZK+yfsD/Cm/wDi3+214R8a+I7D9uo6p8L9N1WC2u/i9a+HdN0GyN9FFDPbRCzgjmut/lRsphJhU26MW6A/pWEA7UnlL/doWn5fn/mD1/r0/wAj8V/CP7GXxc+GP7E37EPjK78NfHzR3+EHhDxBofijTfhxb6evjjw9NqMtsYZ4rLUYZFmjK27xzJGFnVZUZdy71Po0f7IHiq0/ZU0H4keEvh7+0N4qutD/AGgdK+MHiLwx8S20WHxf4utLTT0s57m1tLLybdJkPlTxW9wY5pZLDJw0kef1i8pc/dFKUU9qbk+bmXe/43/MmMUo8vlb8Lfkfn/+1N8RvGX7V37G2rfEDwv+zz8UvDN54V+IXhDxYuiarptrZeLvGVlpGr2N3dPHZLKWEkcULrFHPIHk8r5VGUDUPGnxg8XfB/8Abp0/9py4/Z3+NHi3wb8SPhXYeE7e00jQre78Y+CLu31O7u3trvTvPDx291HPDIzxyOUktkWRF4I/Q4RqBjFHlr/dFRGNndd7/hb8it9/61ufk7pv7DvxIuvh58KdY1r4a6pp6eN/2w/+FvXXhJ4Yr6TwVok1pepG16IWkhiYSRxXEmxisct4FyHBA/WNelJ5a46U6r5tOX+tkv0D7XN/W7f6hRRRSAKKKKACiiigAooooAKKKKACiiigAooooAKKKKACiiigAooooAKKKKACiiigAooooARvu18MftOHx98BP+Cu/h/4waT8HPiV8UPB03wfuvBkj+D006We11CTWoLtRIt5d2wCeVCSWBPLrgH5iv3RRto63/rsUpWTXf8Azv8Aofl/+0X/AME6/jj+3r8Av2o/Gfinw7Y/Dv4hfFzT/DujeDfBf9vQ3F3pWleH9R/tBYrrUYN1ut3qEzTkeWZI7dZIQ0khD4pfs4fsAeKPi78SfEUutaH+2J4d1L/hXXiTwva+Jfi/8SNK1yy0O+1KO1t3hsba0nmmmVwvm/aMxR/6EnyszJt/U0rmgruo6W6f57k9b/1pt+R8J/sWeJfjRpv7L/gP4G+JP2b/ABF4TuPh74DPhrWvE17r2kvo5uLTTPslo2lCGeWe5+0kZPmRwCBXZWdmADeL+IPgJ+0f4T/ZW/ZP8Bro/wAeLL4f+H/hTY6T4p0n4R+INH0TxTaeKYYLGO3jvrq+mjKWCxi6Um2kGJFzLlQgP6p7F9KNgpS1fM/63/z/ACBK39en+X5n5gfsffsN/FLwL+zt+xhoXi3wTq8erfDb4x+KvEfiiDUtTg1afSrac+JHtrua6+UXDM91asJkUFnkV9qk4Gl/wU/+C37R/wAb/wBpDxloWn2Px+1b4b6l4Xtbf4f2/wALvGWkeGNL/tN47ldRHiK4unW72Z+zmPy1liMRZVjeUsB+luxfSl2ik43Vv62S/QcW4u6/rW5+b/hH4TfFv9mjwx+wN4qtfhB4u8eSfCr4S3fgfxfomh3mnQ6not/eaZoUcW5bu5hiaNZtOmjkYSYjHzcjALf2gP2I/iv47079pDVPDvhNdU1aP47eFfib4Z0K+1CGxtfHlnpNhoTS2fnsWSISvaTxq0oCCWJQ2Fyw/SHaKNgqpatP+t0/zRHKl/Xk1+TPhD/hFPid+3J+2d4Z+J2ofB/xh8HvC/ws8BeJdEtV8U6hpv8Aa/izU9XFrH9mS3s7idUtLdLMv500ql5J4wseFdhxtv8AsafEKy/4J0/8E/vB9v4Ju4/EXwp8ceCNY8V6fH5EcmhQ2tlcJfXEnzAHZJKd+wszGQ8Nk1+kIQDtS7cUR0afmn9zb/Ur/Jr70l+gUUUUAFFFFABRRRQAUUUUAFFFFABRRRQAUUUUAFFFFABRRRQAUUUUAFFFFAHiv/BSf/lHT8ff+yceIf8A02XFFH/BSf8A5R0/H3/snHiH/wBNlxRQAf8ABNj/AJR0/AL/ALJx4e/9NlvXtVeK/wDBNj/lHT8Av+yceHv/AE2W9e1UAFFFFABRRRQAUUUUAFFFFABRRRQAUUUUAFFFFABRRRQAUUUUAFFFFABRRRQAUUUUAFFFFABRRRQAUUUUAFFFFABRRRQAUUUUAFFFFABRRRQAUUUUAFFFFABRRRQAUUUUAFFFFABRRRQAUUUUAFFFFABRRRQAUUUUAFFFFABRRRQAUUUUAFFFFABRRRQAUUUUAeK/8FJ/+UdPx9/7Jx4h/wDTZcUUf8FJ/wDlHT8ff+yceIf/AE2XFFAB/wAE2P8AlHT8Av8AsnHh7/02W9e1V4r/AME2P+UdPwC/7Jx4e/8ATZb17VQByPxy+NOjfs+/DO/8Va79tls7N4beG1soDcXmo3U8yQW1pbxDmSeeeWKKNMjLyKCQMkeY23xp+PmrxC5g+FPwr0u3n+eG11b4k3i6hAh5C3C22jTwJMBwywzzRhgdsrjDE/bOkZvjJ+zTbnmG5+Jd35qH7r+X4P8AEsyZH+zJFG49GRT1FekUAedf8LX/AGgf+icfBP8A8OVqv/ygo/4Wv+0D/wBE4+Cf/hytV/8AlBXotFAHnX/C1/2gf+icfBP/AMOVqv8A8oKP+Fr/ALQP/ROPgn/4crVf/lBXopNAOaAPOv8Aha/7QP8A0Tj4J/8AhytV/wDlBR/wtf8AaB/6Jx8E/wDw5Wq//KCvRaWSN4X2urKw7EYNAHnP/C1/2gf+icfBP/w5Wq//ACgo/wCFr/tA/wDROPgn/wCHK1X/AOUFejeWxQttbYvBbHApBQB51/wtf9oH/onHwT/8OVqv/wAoKP8Aha/7QP8A0Tj4J/8AhytV/wDlBXotFAHnX/C1/wBoH/onHwT/APDlar/8oKg1H4+/HLwhaPqWq/CHwLrmmWYMl1aeE/H1zfa3Kg6/Zba80qzt5pO+x7qLIB2lm2o3plFAGt8L/iZofxm+Hei+LPDV8up6B4is47+wuljePzoZFDKSjhXRucMjqrqwKsAQRW9XiP8AwT+RYvgX4gVQFX/hZPjw4Hv4u1gn9Sa9uoA5H48fGbTP2ffhLrXi7Vre/vrXR4VMdlYIsl5qdxI6xW9pbqzKrTzzyRQxqzKpeVQWUEkeQ23gb42eOov7Q8SfFiHwPfT/ADjQ/BmhWV1Z6YDz5D3mowzSXjpnaZ1itVkxuEEecVrf8FFmK/s/+H8cf8XP+Ho/8vPRK9C6UAeV/wDClPiX/wBHC/EL/wAJ7w7/APK+j/hSnxL/AOjhfiF/4T3h3/5X16pWF8T/AIneHvgt8O9a8XeLNYsfD/hnw5aPf6nqV7Jsgs4EGWdj19gACzEgAEkCjbVgcR/wpT4l/wDRwvxC/wDCe8O//K+j/hSnxL/6OF+IX/hPeHf/AJX12Pwh+Lfh349fC/QfGnhLUf7X8M+JrNL/AEy9+zy2/wBqgf7r+XMiSJnHR1U+1dHRtow31R5X/wAKU+Jf/RwvxC/8J7w7/wDK+j/hSnxL/wCjhfiF/wCE94d/+V9eqUUAeV/8KU+Jf/RwvxC/8J7w7/8AK+j/AIUp8S/+jhfiF/4T3h3/AOV9eqUIrSOFUZZjgD1oA8r/AOFKfEv/AKOF+IX/AIT3h3/5X0f8KU+Jf/RwvxC/8J7w7/8AK+uv+EXxi8K/H74caX4w8EeINL8VeFtaEjWGq6bOJrW7EcrwvscddskbofQoR2rpaAPK/wDhSnxL/wCjhfiF/wCE94d/+V9H/ClPiX/0cL8Qv/Ce8O//ACvr1SgnAoA8r/4Up8S/+jhfiF/4T3h3/wCV9H/ClPiX/wBHC/EL/wAJ7w7/APK+u08T/FTw34J8YeGfD+sa5pum6540uLi10Gxnl2zatLBA1xMkK/xFIVZ29APcV0AOaAPK/wDhSnxL/wCjhfiF/wCE94d/+V9H/ClPiX/0cL8Qv/Ce8O//ACvr1SigDyv/AIUp8S/+jhfiF/4T3h3/AOV9H/ClPiX/ANHC/EL/AMJ7w7/8r69UooA8r/4Up8S/+jhfiF/4T3h3/wCV9H/ClPiX/wBHC/EL/wAJ7w7/APK+vVKKAPK/+FKfEv8A6OF+IX/hPeHf/lfR/wAKU+Jf/RwvxC/8J7w7/wDK+vVKKAPK/wDhSnxL/wCjhfiF/wCE94d/+V9H/ClPiX/0cL8Qv/Ce8O//ACvr1ShQXPyjPf6D1oA8r/4Up8S/+jhfiF/4T3h3/wCV9H/ClPiX/wBHC/EL/wAJ7w7/APK+vQ/Cfi/SfHvh+11fQdV0vXNIvgzW1/p13HdWtwFYoxSWMlGwyspwTgqR1BrRoA8r/wCFKfEv/o4X4hf+E94d/wDlfR/wpT4l/wDRwvxC/wDCe8O//K+vVKKAPK/+FKfEv/o4X4hf+E94d/8AlfR/wpT4l/8ARwvxC/8ACe8O/wDyvr1SigDyv/hSnxL/AOjhfiF/4T3h3/5X0f8AClPiX/0cL8Qv/Ce8O/8Ayvr1SigDyv8A4Up8S/8Ao4X4hf8AhPeHf/lfR/wpT4l/9HC/EL/wnvDv/wAr69VRGkdVUZZjgD1NcX4L/aK8A/EXwHpPinQ/GfhnUPDev6i2j6ZqSajGltqN6J3tzawuxAkmM0UkYjXLMyEAGgPM57/hSnxL/wCjhfiF/wCE94d/+V9H/ClPiX/0cL8Qv/Ce8O//ACvr1RVLsFAO5jgD1rn/AIafFfw38ZfDcmseE9c03xDpUV7c6a93Yy+ZEtzbStDPFn+9HIjKR6j0oA4v/hSnxL/6OF+IX/hPeHf/AJX0f8KU+Jf/AEcL8Qv/AAnvDv8A8r69UooA8r/4Up8S/wDo4X4hf+E94d/+V9H/AApT4l/9HC/EL/wnvDv/AMr69TZwikkgBRkkngCsTS/iZ4b1yLQZLHxH4fvI/FUTz6I1vqUMo1mNE8x3tdrHz1VCHJj3AKcnA5oA4f8A4Up8S/8Ao4X4hf8AhPeHf/lfR/wpT4l/9HC/EL/wnvDv/wAr63PjL+018Nf2cIbCT4i/EbwD8P11XcLJvE3iKz0gXu373lfaJE8zGRnbnGa2PEPxY8K+EPhtJ4z1bxR4b0rwbDapfSa/eapBb6Wlu+NkxuncRCNty4fdtO4YJyKPMDi/+FKfEv8A6OF+IX/hPeHf/lfR/wAKU+Jf/RwvxC/8J7w7/wDK+uu+E/xo8G/HvwmNe8B+LvCvjjQTO1t/aXh7V7fVLPzlwWj86B3Teu4ZXORkccisnQv2qPhd4o+Lt18PtL+Jnw71Lx9YvLHc+GLTxNZTa1btEMyK9mspnUoOWBTKgc4o8g8zH/4Up8S/+jhfiF/4T3h3/wCV9H/ClPiX/wBHC/EL/wAJ7w7/APK+vUw2aWgDyv8A4Up8S/8Ao4X4hf8AhPeHf/lfR/wpT4l/9HC/EL/wnvDv/wAr69UooA8r/wCFKfEv/o4X4hf+E94d/wDlfR/wpT4l/wDRwvxC/wDCe8O//K+tr9o39pjwL+yP8LLjxt8SPEVv4V8K2lzBaT6jPbTzxwyTOEjDCFHYKWPLldqjJYgDNdnpeqW2t6ZbXtlc297ZXsKXFtcW8glhuInUMkiOpIZWUghgSCCCKAPMv+FKfEv/AKOF+IX/AIT3h3/5X1k+OPiB8Tf2QvDF3401zxmvxQ+H2gRte+J7fUdEt7HXdKsEG64v7Wez8uCdLeMNK9q1sJJI1cxzeYiQze1Vwf7VSh/2WPigGAI/4Q7WeCOv+gT0Ae3RSrNGrKysrDIIOQR6inVzXwZYt8H/AAmSSSdGsySe/wC4SuloA8V/4KT/APKOn4+/9k48Q/8ApsuKKP8AgpP/AMo6fj7/ANk48Q/+my4ooAP+CbH/ACjp+AX/AGTjw9/6bLevaq8V/wCCbH/KOn4Bf9k48Pf+my3r2qgDwH9s3/kuH7MP/ZS7/wD9QrxRXpVea/tm/wDJcP2Yf+yl3/8A6hXiivSqACiiigDy79tb4o+LPgr+yl488U+B/DV54r8UaNo9xcWVla3lnaSQkRtuut92ywlYFzMUbJcRlQrEgHwr9hD9uT4yfFP/AIJ6+GPiB40+BfjzXPFlx4X8O3GlNperaFPN8SLm/iRXvYYoZ0i06BXZJpftQhEUUrEITEyD6e+OHg68+IvwS8aeHdPMK6h4g8P6hpdqZW2xiWe1kiTcey7mGT2FfnDo+sfGb4i/8EXvCfwv8PfCT9oDwN4p+Dlv4R8OePNNNiNC1jxfo9mwi1i38PXQmBuHaG3DeZGUDxzKis7O8YnW7+X5u/3D7fP9D63/AGUf28PFvxJ/avvfgz8WPg3qXwb+I1v4eXxnpduviW18SabrWkrdx2kkiXUCR+XNHPIitC6ZwdwJXBPwr/wSy/4KI+OP2Vv+CT3h3WrD9nnx144+F/w11HxJP4z8XQ63ZadJbQf23f3U0+m2M2ZdSjt4ZQZZN0MaukqB2MUuz0v/AIJl/se6R8NP+Cp9n8Uvhp+zv8Qvgf8ACHU/hXqGhPceMGmh1PU9V/tnTpt89rcXM9xb7olYJ5zK8vkSvsC7Wfzr9n3Xvjt8A/8AgkfrX7L+pfsu/GC6+JHjHTfFGg+GNRsre1uvDskGr3l8wudSvfNCaa0Bu5C0U4/eJHE6ORKwip3tdb2f56DjqmvNfdbX8z6r8Z+LNN+I/wDwWT/Zo13Qb6HVNF8Q/B7xTqOm3cJPl3ltPPpUkMq5wdroysMgHkVneKP+Cu/iODwZr3xT8K/s+eMPGn7NnhS4vY9U+I1j4k0+K5mtrKaSG81Cy0hv31zZxPFIfMMsbMiM4TaCRd+GH7H3ib4H/tq/so28Nneaz4R+EXwS1PwNqviGFNtut2iaVDEDkhg0ot5GUY6A+hx8L/s6/wDBNT4R/ssfDqP4T/Gj9hz41fFz4laBf3tnbeL/AAfYXV74f8Z2T3czWl19rXUYbazbyHjWSO48tk2ZILEop5LbW3/gT/S3bcmPVvy/9JX6n7VaJrVn4k0az1HT7mG90/UbeO6tbiI7o7iKRQ6Op7qykEexq1Wd4R8PWfhHwppWk6bYx6Xp2k2UNlaWUZBWyhijVEhBBIwiqFyCenU9a0act9BRvZX3CiiikM4f9gH/AJId4g/7KR47/wDUt1evbK8T/YB/5Id4g/7KR47/APUt1evbKAPCP+CjH/Jv3h7/ALKf8Pf/AFNNEr0OvPP+CjH/ACb94e/7Kf8AD3/1NNEr0OgAr4n/AOC+HiXT/EP7B9x8H7e5Enj74867o/hTwdpXlv8A8Ta7GrWM8ymTHlxIkCO7NKyqQNoJJAP2xXx7/wAF9NNur7/gkb8YLmxt7ie80OLStbieBC0tn9k1ixuHuV2/MpiiSRyw5Cqx6ZpPu9tPu6lRvfTc+x72Xzr2Zt27c5wfbtUVZfgv4i6D8XPCtj4m8La1pXiTw7riG60/VNMukurO9iLEB45UJVlyCMgnkEdq1Ke25K20CiiigAqbTR/xMYP+ui/zqGn2kwt7uORs7UcMcegoA/G//gmj8aP2m/2ev+CFvhn4reDYPhA3w8+FOl6zrI8LataXlzq3jHTLfVL6fUZ2v45kj0+REE4giWCfJh3SOQ4jX7P+J37bXj79oH9on4efCr9n2bwnoM3iz4eQfFXXPF/i7S59Uh0XRLuTyLC3trKGaHzr2abcW82VY4442Pzswx4F8Iv+CdH7XXwh/wCCaDfsmx6l8Br7w34m0290S68cw6nqK3PhXTdQuJpNQt1sGtV/tCUx3E4gmElsMuBIq7RIfefif+xX8Qv2fP2n/Afxa/Z+s/CPiKHw38OLf4Va34L8VaxNpK6ppFpP59hc2t9FBMI7uJyyv5sRR4yQMNinpfXb/gPf52/HoDv9n+tV+l/11Obj/wCCi3xV+Evwm/a28PfEDSfA198XP2Y/Cn/CWabquk2l1B4d8YWFzp9xdWNw1q8xnhdXt3juIlm27s+W+3ml8Yftx/Hj4HfsL3nxv8ZaT8OdQ1v4jQaJafDr4e6Za3MT6TqWrXKQ2UN/qDTkXQMc8U0yxxxBWjkjRyMSGV/+Cd3xO+LPwa/ay17x5q3giz+MP7TfhU+FbHTdLu7qbw74PsLewuLTT7U3TwieZy1w8txMIQC7Yjj2gA+hftbfsM+I/wBoP/gnJoPwr0XxBo+g/ETwXZeHtQ8PavOkk2mwa3o5t5YWkwvmG3kkgaMtsLqku/y2K7CvXy/W/wA7W+exLvey8/v0t8r3+R4D8WtL+P3hb/gqX+xXpfxg1X4Y+MNKm17xNdWGt+E9NudGls73/hG70XFjNaTzTebEFMZhuUkUsEkEkanaWxfjR/wWZ1vxF8XfjJp/g342fsv/AAhtfhFr994V0nw78RlmutY8b6jYDbdSzPHeQCwsWuMwwsiSyP5UjtgFVr2f/hnP9pH9pL9sz4B/Fb4lQ/CHwD4c+Dd/qlzceFNB1W81m91Sa90m6spL37Y9tEigSPB5dqFAWN5meZ3CRiDwJ+zN8ef2Mvi/8WIvhl4R+D/xU+HvxW8ZX3jqwPinxHc6DqnhHUdQKvfQy7LG5S6s/OUSRCLbKoZ1OflNJdfn+lv1/XU0b2t/W9/0/TQ5vxj/AMFWPiR8WNG/Y3b4M+EvBov/ANrDSNZuJovE0lxNH4WmsrK3uJJRJFJF50Vtuu3ZCga5EEaIYDJvH2v8JNM8VaJ8OdKs/HGtaL4i8V28bpqGp6Rpj6ZZ3rCRtjpbPLM0RMezcvmMNwYjAIA8C+IH7JPxE+LX7Vn7InxQ1q78A2d18E7LxG3jS00uS7jt7m81TRY7JV0tHiYtAlwHP+kPEwi2nDNlR9QYq5Wu7E9F6BRRRUgIx5rzb4Ra58WNS+NXxStfHGh+D9M+H+n31inw/vdKupJdR1a1a3LXj3ys5VHSbaqBVj43DDAB29JavN/hJo3xW0/40/FC58ca14N1LwBfX1i/w+s9Jt5Y9S0u2W3K3iX7MgV3abayFGfA35KgqinX+u6/r0uHQ9JHSigdKKACvP8A9ob9lvwp+1z4Y0zwv44/ty98Kw6il7f6NZarNYWevqqOgtb9YSrXFrucSGBmEbvFHvDqCp9ANcD+0LqPxW0vwhYy/B/TPhvqniT7en2qLxrql9p9ilpsfc0b2dvPIZvM8oBWQLtLnOQAZlqhx3Pkf/ggV4im8Gf8ECPhVrFrHDJc6P4d8Q38KSqTG7xapqkihgpBKllGcEHBPI61w/8Aw8f/AGqtD/4J0eGv2u9f0L4M2/gGHTdL1vW/h9ptnez6xf6PM0ENzqEGpPc+VBcF3eeK0aKRYoGVZJZZVYH0P/gnH+yl8cv2Ev8Agnfqnwe+Jy/CC+8L+CfButR6VqvhXWNTutRvLieS7umE8VzZwRJGFncAoxbKLxgkr4F+yn+zL+0p+2f/AMEafhL8Db64+FenfCPxz4Y0Rrzx1b6jdReIbXw9+4uJNMTS/s7QtfAoYVuTceU8I3MiyscW9ZSa8rdtb7/1t5kxslFPz9dLbf1v5H0f+19/wVR8QfsHftB+LvCvjjwjZ+ItL8YaDBqPwOk8PWlyLjxrqxkitJPD91ueTF4bq4tpEkiRU+zSliN67T9Z/Bc+Mj8JPDTfET/hG/8AhPH02F/ECeHopotKhvWUGWO2E0kkhiRiUDu5L7d2F3bF+Tf2uv8AglXrf7e3xd+IXiT4g+KNP0OPRdHh0j4HL4fublpfAF2kkV2+uzlkj/4mEl5b2q7YDhLWAxeYxcsPqv4DL45j+DHhiP4mt4Zk+IUOnRReIZvD00s2l3N4o2yTW5lihkVJMeZsaMbC5QFwodlG3L/W2tvn3+XW4+v9b6X+Xb59LHW0UUUAfJP/AAU8/bc8UfsqeOPgp4V0HxB4B+G2mfFjWNS07VPiL42sZb3RPC32WzE8FuY1nt4/tN27FYzPOkYW3l4YkFZP2gP2rPjB8BPhT8G/BdrF8LfGX7QHxo8Rz6Bo99ZxXlv4TjtYVnvJNWkhMrXDRx6fHC7wJN800rbJGRRu9J/bFs/ihrej2Ok+Dfhj8Ifi/wCC9Xtbm18U+GvG2tS6WbolofsxiJtLq2mhAE/mxzRhifKKH7wr5c8C/wDBJf4nfBD9kr4Gw+D/ABN4Ci+M/wACPG2qeMNHsZ5L4+EVs9Ue5S90CCVla6itRbXGyOZo2cNGcoocsq/zX3XV/wAL/wDDlf5P77O342PXPg3+0r8YvgZ+354L+CPxs1L4feM9P+Kmh6hq/grxZ4Y0a40O4a90wxSX1heWUlxcJt8iZZI5o5F+4VZWL5j+Sv2NfiXa/C//AIJF/snTXPg/wR4y/t79o6Lw/EniXTDfLozXfi3Vov7QsxuXyr6FS3lTfME3NlWBxX118IP2dfiz8a/25fCHxz+Nul+BPBtr8LdC1DSfBXhDw3rM2vT291qJiS/1C8vpLe2QkwW6RRwxxsAJCzOrKQ3mXw4/4JW/EHwd+wj+z78LbnXPBMmv/Cf422XxK1i5hu7s2Vzp0Ov32pNDbsbYO1yYbmNQsiRx7wwMgADFSvZNb/8A2y/QcbcrX9fC/wBTufEP7R/7QH7RX7Y3xa8B/A26+FfhTw/8C102xvtS8Z6TeaofF2u3loLwWSG2uIjZ2kUUkayTbZJBIcqjqSBQ/wCCCeoalqv/AAT5e61jTY9H1a4+IPjCW909LoXS2M7a5dmSESqAJAjErvAAbGcDNWdX/Z2/aC/Zu/bN+MXjr4LWfwq8VeF/jqum6lc23i7WbzS38G65aWYszd7Le3lN7ayxxxO0SvFIZPlDRqu9vQ/+CZH7Jnir9ij9lgeBPGniTR/F/iBfE2u61PrGmW7W0OoLfajNdJKYWUeTIyyAvEu5EYlVd1AY1Hv5fjpf+u3zIle1vP8ACz/z/M+gqKKKAPB/+CnfxE8ZfCH/AIJ//FzxZ4FvvC+n694Z8Lajqhl1+2muLZ7aG1lknjjWKWNvtDRqwiJYqH27lYcV8B/sY/Cr4/ab+27+xX8Pta1z4CtD8H/g7ca9ZxWmi6qt5b6LdNo+l3ccrNdlG1N4wwjlVUhVhOzRMCqr9zf8FYv2IZP+ChX7C/jD4Z6fY+D7jxNqXkT+H7zxKsn2PRrsSBHu1eOKWSOZbWS6VGRCd0gBKqxYcT8EP+CO3wq+Av8AwUR1T4v+Gfhv8M/DnhzTfCem6T4TsdLsDHeaZqkdzeyXmoOnliNJHhmt4lkSRnKxsCFAGSGktev+T/r/AIcJ6x0/rVf1/wAMjhP+CSPwh8L/ALWlx8bP2gviJ4d0Dxp468dfEbXPD9lca3Yxag3h3QNNn+yWelW6yqywxqFdn2KplLI0m4qpEH7SP7Mfw/03/god+yB8B9L8J6DpfwdsX8a/Ee48HJbBtFvNUhhQ2zC2bMapDPe3MyQoBGpkICBflrsPh9+yz8eP2BfjX8Trj4K6T8N/ib8JPin4luPGaeGfEfiK48N6p4Q1e82/bfIuEtLmKaxd4w6x7UdCwVQcO8lr45/sm/H74m6z8D/jRHd/CF/j78F9W1qRtBtbnUbXwrrmi6nH9nn00XbxtcC5WCOFkuXhEfnBiYlTFEPst9Er+tv0evyvuOXX529L/wCWnzPnz9sfxD/wwR/wUC/aavvhXaWfgtfFP7Juo+PLuDR7ZLWIeINO1Kays9SEaAIsqRXB5A5IJPJJNT9vT9kbwD+yd/wb2eFfGHgjwv4d0Xx58HNF8IeM/D/ia0sIotSi1cXmmtPeGdQHd5zNMX3MVJccfKuPozwd/wAE+/GX7TXxQ+NnxE/aBj8L+H9Y+K3w7b4SaN4d8J6lLqieFPDsvmy3LS3ssMIuLyW6m8zKQqiLCgy+4hPP9Q/YS/aW+P8A+yv4B/Zk+Kf/AAqG3+E/hefR7HxX400fW7261bxtomlSxTW1pBp0lsgs7mY2tqk8z3DoMSsiuCEYhpo99Pzk/wALr8hS3utvz0S/GzPseTxz8Sp/2wj4fXwNpcfwZbwb/ag8Xf2pH9tGvm9Cf2Z9k3+Z5Qtcy+b5ezdx5mfkr0cHIrwHwt+0r41+I3/BTfxt8OdJsNEuvhR8PfA1ldeIdUFvIL608VX10ZrewWUvsaP+zNs7IsZZDNEWceYq176vSjpp5/mHl/WwtFFFAHnP7YPw81P4vfsifFrwjolqt9rPizwVrWi2FqzKq3Nxc2E8MUZLYUBndRk8c815r/wSM+N3hz46f8E4fg/deHdSk1BvC3hXS/CetJLbTW82n6tp9jb297ayLKqkvFKrKWXKt1VmBBrd/wCCmHxt0f8AZ8/YC+MXiTWPEun+FPL8Havaabe3V2ts0moS2FwtrDCSQWneTARFyzN0BNaP/BO/wTJ8N/8Agn78CfD9xpraPdaP8PPD9tc2TxeU9tOum2/nK69Q/mby2eSxYnkmiP2u2n6/180ErafP9P6+TPYq4P8Aao/5Na+KH/Yn6x/6QT13lcH+1R/ya18UP+xP1j/0gnoA9K+C/wDyR3wn/wBgaz/9EJXTVzPwX/5I74T/AOwNZ/8AohK6agDxX/gpP/yjp+Pv/ZOPEP8A6bLiij/gpP8A8o6fj7/2TjxD/wCmy4ooAP8Agmx/yjp+AX/ZOPD3/pst69qrxX/gmx/yjp+AX/ZOPD3/AKbLevaqAPn/APb1uoPBd38G/HuqTR2fhf4c+PhqWv30h2xabaXmi6voy3Mp6LDHcapbtLIcLFEJJHKojMPTZI2hba6srDqCMV1mp6Zb6zp81peW8N1a3UbRTQyoHjmRgQysp4ZSCQQeCDXh6f8ABN74X2EawaS3xN8L6bCNtvpXhv4oeJ9C0qxQdI7eys9Qit7eMdBHFGqKOAAKAPQ91G6vPf8Ah3R8P/8AoYPjt/4e7xp/8taP+HdHw/8A+hg+O3/h7vGn/wAtaAPQScik4rz/AP4d0fD/AP6GD47f+Hu8af8Ay1o/4d0fD/8A6GD47f8Ah7vGn/y1oA9A/GgV5/8A8O6Ph/8A9DB8dv8Aw93jT/5a0f8ADuj4f/8AQwfHb/w93jT/AOWtAHoWab3rz/8A4d0fD/8A6GD47f8Ah7vGn/y1o/4d0fD/AP6GD47f+Hu8af8Ay1oA9CyBRurz3/h3R8P/APoYPjt/4e7xp/8ALWj/AId0fD//AKGD47f+Hu8af/LWgD0LdUOp6lbaNpd1fXtzb2VjYxPcXNzcSCKG2iQFnkd2wqoqgksSAACTxXB/8O6Ph/8A9DB8dv8Aw93jT/5a1Jaf8E6Phb9qibVrfx54ws4ZFl/s3xf8QvEPifS5HQhkZ7LUb6e2kZWAZS8ZKsqsMEAgAk/4J5M9/wDsyx6yIZo7Hxd4p8T+KNKaVDG1zpupeINRv7GfawDL5trcwS7WAZRJhgGBA9uoVdoooA8h/bp+H+tfET9nG+j8O6fJrGteG9Z0PxdaaXE6pLq76PrFlq32ONmIVZZxZGFC5VQ8ilmVckWfhL8WfDPx58Ix694M1m18Q6U7tE722RNZyqcPb3MLAS21xGwKSQTKksTqyOispA9VPIrzD4r/ALEnwZ+PPihtc8dfCP4Y+NNaZFiOoa74WsdSuiijCr5s0TNgDgDPFAHQ/wBnXH/PvP8A9+zQ2m3BUj7PMQwIIMZ5B4I6V5v/AMOuP2Zf+jdfgV/4QOlf/GKP+HXH7Mv/AEbr8Cv/AAgdK/8AjFAHoVjoDaZZRW9tY/ZreBQkUMMHlxxKOiqoGAB6Dipv7OuP+fef/v2a83/4dcfsy/8ARuvwK/8ACB0r/wCMUf8ADrj9mX/o3X4Ff+EDpX/xigD0j+zrj/n3n/79mj+zrj/n3n/79mvN/wDh1x+zL/0br8Cv/CB0r/4xR/w64/Zl/wCjdfgV/wCEDpX/AMYoA9I/s64/595/+/Zo/s64/wCfef8A79mvN/8Ah1x+zL/0br8Cv/CB0r/4xR/w64/Zl/6N1+BX/hA6V/8AGKAPSP7OuP8An3n/AO/Zo/s64/595/8Av2a83/4dcfsy/wDRuvwK/wDCB0r/AOMUf8OuP2Zf+jdfgV/4QOlf/GKAPSP7OuP+fef/AL9mj+zbj/n3n/79mvN/+HXH7Mv/AEbr8Cv/AAgdK/8AjFfkF/wUb8deCv2ef+C9PwT+Hvhf9jrwzffCnTbW40/XNPsPg5DOfG63SJJfXtnDHZu16mmxJBKrQIWDxXSbtkhJAP3F/s64/wCfef8A79mj+zrj/n3n/wC/ZrzZf+CXP7MxH/JuvwK/8IHSv/jFL/w64/Zl/wCjdfgV/wCEDpX/AMYoA9I/s64/595/+/Zo/s64/wCfef8A79mvN/8Ah1x+zL/0br8Cv/CB0r/4xR/w64/Zl/6N1+BX/hA6V/8AGKAPSP7OuP8An3n/AO/Zo/s64/595/8Av2a83/4dcfsy/wDRuvwK/wDCB0r/AOMUf8OuP2Zf+jdfgV/4QOlf/GKAPSP7OuP+fef/AL9mj+zrj/n3n/79mvN/+HXH7Mv/AEbr8Cv/AAgdK/8AjFH/AA64/Zl/6N1+BX/hA6V/8YoA9I/s64/595/+/Zo/s64/595/+/Zrzf8A4dcfsy/9G6/Ar/wgdK/+MUf8OuP2Zf8Ao3X4Ff8AhA6V/wDGKAPSP7OuP+fef/v2aP7OuP8An3n/AO/Zrzf/AIdcfsy/9G6/Ar/wgdK/+MUf8OuP2Zf+jdfgV/4QOlf/ABigD0K/0BtUsZrW6sWubW6jaGaGWDfHMjAqyMpGGUgkEHggkVU8IfD2w+HvhXTtC8P6FZ6Foej26Wlhp2nWK2tpYwoMJFFFGoSNFHAVQAB0FcR/w64/Zl/6N1+BX/hA6V/8Yr8+/wDg4M/4IC6L8fP2ffCfij9mn4X+DvC3xO8G63Db/wBmeGtGs9Jj16yvJY4H80RRojPbyGKYPIQscIuieowAfqZ/Z1x/z7z/APfs0f2dcf8APvP/AN+zX5E/8Er2/Z5+DOq6L+y3+1v+z/8ADnwV+0XpsjxWOu+NPCWkXlh8SY5pnMM9hqItkic5PkJCeTsRA8s3mon6Xf8ADrj9mX/o3X4Ff+EDpX/xigD0j+zrj/n3n/79mj+zrj/n3n/79mvN/wDh1x+zL/0br8Cv/CB0r/4xR/w64/Zl/wCjdfgV/wCEDpX/AMYoA9I/s64/595/+/Zo/s64/wCfef8A79mvN/8Ah1x+zL/0br8Cv/CB0r/4xR/w64/Zl/6N1+BX/hA6V/8AGKAPSP7OuP8An3n/AO/ZrH07xfpeseN9W8M2moWl14i0G1tb7UtNikDXVjBdNOtvJKg5RZTbXAUnr5TVx/8Aw64/Zl/6N1+BX/hA6V/8Yr8Y/wDgnf8A8EyvF2o/8HFnxu0vxx4F/Zq1zwv4TgiuvFXhH+xUuNFsdL1O3SfT49IhfT1iFxa7bVXd4oTIBMC5MrPQB+8n9nXH/PvP/wB+zR/Z1x/z7z/9+zXm4/4JcfszY/5N1+BX/hA6V/8AGKP+HXH7Mv8A0br8Cv8AwgdK/wDjFAHpH9nXH/PvP/37NH9nXH/PvP8A9+zXm/8Aw64/Zl/6N1+BX/hA6V/8Yo/4dcfsy/8ARuvwK/8ACB0r/wCMUAekf2dcf8+8/wD37NH9nXH/AD7z/wDfs15v/wAOuP2Zf+jdfgV/4QOlf/GKP+HXH7Mv/RuvwK/8IHSv/jFAHpH9m3H/AD7z/wDfs0f2bcf8+8//AH7Nflf/AMFWvE/7LvhB9Z/Z2/Z3/Z8+GvxA/ao8TWptNJ0/wR4C0GVvB0xdVF1qVzPaSW1tGh5kjkG4Ifna2V0nXn/+Dfz/AIIXahoFv8Q/iP8AtZfDXwrrni661K48L6D4c17w5YT2Gn2ltPtuL+O3EfkH7RNGFhkWMZhhLozR3IJAP1w/s64/595/+/ZoOm3BH/HvP/37P+Feb/8ADrj9mX/o3X4Ff+EDpX/xij/h1x+zL/0br8Cv/CB0r/4xQB6Hb6E1qZTFYtCZ5PNlKQbfNfAXc2By2FUZPOFA7Cpf7OuP+fef/v2a83/4dcfsy/8ARuvwK/8ACB0r/wCMUf8ADrj9mX/o3X4Ff+EDpX/xigD0j+zrj/n3n/79mj+zrj/n3n/79mvN/wDh1x+zL/0br8Cv/CB0r/4xR/w64/Zl/wCjdfgV/wCEDpX/AMYoA9CvvDn9pwiO508XMausgSa38xQykMrYIIyGAIPUEA1MdPunZmaC4ZmOSSh5rzf/AIdcfsy/9G6/Ar/wgdK/+MUf8OuP2Zf+jdfgV/4QOlf/ABigD0j+zrj/AJ95/wDv2a8V/be+JlroPwc8QeAtNltdQ+JXxI0a90Dwp4cWQG81G5uYGtxO0Qy6WcBlEtxcFdkMSOxOdqt0X/Drj9mX/o3X4Ff+EDpX/wAYrvvg3+zJ8N/2dLe8h+Hvw/8ABPgOHUCrXSeHdCtdLW5K52lxAibsZOM5xk0AdR4R0BPCfhTS9KjkaWPTLSK0V2GC4jQICfritCiigDxX/gpP/wAo6fj7/wBk48Q/+my4oo/4KT/8o6fj7/2TjxD/AOmy4ooAP+CbH/KOn4Bf9k48Pf8Apst69qrxX/gmx/yjp+AX/ZOPD3/pst69qoAKKKKACiiigAooooAKKKKACiiigAooooAKKKKACiiigAooooAKKKKACiiigAooooAKKKKACiiigAr83P27T/x0f/sK/wDYveNf/TTPX6R1+bn7dv8Aysf/ALCv/YveNf8A00z0AfpHRRRQAUUUUAFFFFABRRRQAUUUUAFFFFABRRRQB49+21+wb8LP+ChnwXu/AnxW8K2XiTR5svaTkeVfaRPxi4tLhfnhlGBypw65Rw6Myn4ItPjb+0V/wQHvYtM+LcviP9pD9keCfyNP8e2sH2jxf8PIG5ij1SIHN1ao2U87PC4IdMw2Z/Vio7q1jvraSGaOOWKVSjo6hldSMEEHggjtQByXwD/aD8E/tSfCfR/HXw88TaR4u8J69CJrLUtNnEsMg/iRv4kkQ5V43CujAqyqwIHY1+afx7/4JBfEL9hz4rap8af2D9W03wbrWoF7nxP8INSbZ4N8aY+YC3jLKlhc8MqFWSMbwqvbJ5gk9z/4Jy/8FhfAP7e+ral4J1LS9W+E/wAcvC/yeI/ht4ozBq9g4Xcz25dU+1QAc70VWClWeOMOm4A+uaKAc0UAFfm5+xF/ysl/ttf9ip4O/wDTdBX6R1+bn7EX/KyX+21/2Kng7/03QUAfpHRRRQAUUE4r4y/4KDf8FnvBf7H3j6z+FfgfQNW+N/7Q2vMsOlfDvws3m3cDMnmebfzKGWzhWPEhLAvsZX2CPdKoB9OfHr9oPwT+y78KtX8cfELxRo/g/wAJ6HEZb3UtSuBDDH/dRe7yOcKkaBndiFVWYgH83bz9qT9pP/gunqcmk/s+jXf2c/2Y5J3gv/itqts0HijxlEg2umi2+QYIWckCcMrYTPmo6SWrdT8A/wDgjb46/bJ+KOk/Gb9vDxFpvxI8UWO268PfCvS8jwN4L3HeUeAllvZ/uI5cujBCrvdKI2T9JrOyh0+0it7eGOCCBBHHHGoVI1AwFAHAAHAAoA8M/YH/AOCbfwh/4Jr/AAr/AOEW+FfhmPS/tixtq+s3bC41jxDMgIE15ckBpGyzsEAWJDI+xEBxXu9FFABRRRQAUUUUAFFFFABRRRQAUUUUAFFFFAHiv/BSf/lHT8ff+yceIf8A02XFFH/BSf8A5R0/H3/snHiH/wBNlxRQAf8ABNj/AJR0/AL/ALJx4e/9NlvXtVeK/wDBNj/lHT8Av+yceHv/AE2W9e1UAFFFFABRRRQAUUUUAFFFFABRRRQAUUUUAFFFFABRRRQAUUUUAFFFFABRRRQAUUUUAFFFFABRRRQAV+bn7dv/ACsf/sK/9i941/8ATTPX6R1+bf7dsij/AIOQP2ExkZPh/wAagAnr/wASmf8AwNAH6SUUUUAFFFFABRRRQAUUUUAFFFFABRRRQAUUUUAFFFFAARkV8t/8FHf+CS3w0/4KPaRp+paw2p+Cfij4WCSeFPiH4blNn4g8OzRuZYSsykGWFZCW8pjxvcxtFIRIPqSigD8xfhR/wVK+LX/BML4kaX8J/wBuazt5fDWp3g07wj8ddFtG/sHXcqWih1WNR/od18rBm2qvyklTGjXT/pfoOv2PinQ7LVNMvLXUdN1KBLq0u7WZZoLqF1DJJG6kqyMpBDAkEEEVk/FX4TeGfjn8PdW8J+MtB0rxP4Z12D7NqGl6nbJc2t3HkEB0YEHDAMD1BUEYIBr80Nd/Y3/aA/4Ib+ILnxN+y/Dq3xu/Zukmnu9Y+C2p3klxrXhhXcytNoNwweSRQS+YDvdt3KXEkhmiAP1Qr83P2Iv+Vkv9tr/sVPB3/pugr6s/YF/4KQ/CX/gpR8If+Eu+F/iIX4tPLTWNGvEFvrHh2dwSILy33ExtlXUMpaNzG5R3AzXyn+xF/wArJf7bX/YqeDv/AE3QUAfpHXO/Fn4ueF/gR8OtW8XeNNf0nwv4X0OH7RqGqandJbWtomQoLuxAGWKqB1ZmAAJIFfMv/BRn/gsh8Of2BdYsfBNlY6t8Vvjh4jXZ4f8Aht4VQ3WsX8jJujM+xX+ywtkHe6s5Xc0ccgRseC/Cf/gkb8VP+CinxG0n4rft465Z6xb6XcrfeGPgnoNwV8K+GSFO17543P265BZtw3OpwVMssT+QgBi+IP27f2hP+C1+s3nhT9kmLUPg78A/MmstY+OWvWDxX+sqH8p49Cs2KSZ4k/fHa6kYL2kiKJPsb/gnv/wS4+Ef/BNbwReaf8PtFmuPEGuMZtf8WaxKL3xB4imY7me5uSASpb5vLQLGGJYLuZmb3/QNBsfCuhWel6XZ2unabpsCWtpaWsKwwWsKKFSONFAVUVQAFAAAAA4q3QAAYooooAKKKKACiiigAooooAKKKKACiiigAooooAKKKKAPFf8AgpP/AMo6fj7/ANk48Q/+my4oo/4KT/8AKOn4+/8AZOPEP/psuKKAD/gmx/yjp+AX/ZOPD3/pst69qrxX/gmx/wAo6fgF/wBk48Pf+my3r2qgAooooAKKKKACiiigAooooAKKKKACiiigAooooAKKKKACiiigAooooAKKKKACiiigAppbDY/GnV8N/wDBwJrvh/QP2LfCL+MtSvdK8CXPxS8JW/iua1vLq0Y6O2qRfbFMlqyzhfJ358o7+Mr8wFKUrfgCPuPPNLX5N/si/H/Q/wBmjUP2kvid+zj/AMJ34s/ZR+HvwlbxHZWviXUdZk0y98V2ZvbiaDSrjVN84ga1jQXDR70Erp6KK+iNR/4KZ/FzQvh34NvL74CafD4y+NWs22nfC/wmvjeM3l7bva3F5c3WsS/ZhHYLbWduZ3WD7W2ZUiGWBan/AMD8XZff+Qdbf1td/d+Z9uVn3vhLStS8QWWrXGmafcarpqulpeyWyNcWquMOI5CNyhhwQCMjrXxbr3/BVnxt8GfBf7QGk/FL4V6N4X+KfwS8At8RrDTNK8UnVdG8YaQUuAk8F0beKaEpc20sEkcsAZTsdS6v8u98Ov8Agol8UIv2g/hd4e+J3wTtfh/4L+OEt5aeEdYtfF8WrahYXcNpJew2uq2yQJFBJc2sMzr9mnuFjePyyzZ3g6/1/XR/PQP6/r7z7Eor8x/Cn/ByB4V8W+LtD1q3tPhK3wp8QeKYPDNu8fxVsX8eQwz3YtIdWk8PeUJFtTKyM0ImNwkDGYx4VkHv2i/t2fGH4r/ta/Fb4bfD34N+HdV0j4R61DpOpeJde8ZNpdrdtcaVaXsEcEUdncSNKJLlvNBCokSRlWkeQoiv/X3f5oOtv66/5H11RX5k/sp/8FHv2gfhN/wT18YfGP4reC/C/ijwv4N8Yasmo3+m+KLm81iPT4vFNzZagVtvsKJ5Wn24kaI+ZmWG0BYRlsD7J8NftayeOP279b+EGh6Pb6lo3hHwRZ+KNe8RR3wZbK7v7uSLT7ARAcmS3trucuW4VYsA78gi7pNdf8rh3/rrY9tooFFMAooooAKKKKACiiigAooooAKKKKACiig0AFHWuFf9ovwev7Ry/CVtWkT4gSeG28Wx6W1lcKsumLci0adZ/L8his7IrRiQyLvRioVlJdF+0N4Sm/aJm+FKapcP48tfDsfiybT1sLkxw6ZJcvaxzNc+X9nVnmjkVYjJ5rCN2CFVLA3A+Uf2+v8AgjDYfG34rf8AC8PgL4tufgF+0ppsTNB4q0iIf2f4lIIcW+r2oBjuI3ZQrSlGbG3zEnWNIx8F/Bz9nT/gpF8Wv+Cg/wAaPElv4J8I/AXV/i9ZaP4Z8WfER50v7PSoNLtbeKW70aDzWeSS5jKtHvVlUl082KRGki/ZL9rr9qLw5+xd+zZ4v+KfiyHVbrw54KsTqF/FpkKTXkke5UxGjuisxLDqyj3r0ZCFH40BrufMP/BOj/gkt8K/+Cb+jX194dt9Q8VfEnxL5kvifx/4jl+2+IfEM0snmzGSdsmONpAD5aYDFFZzJIDIfqDpSbx6il3D1oAKKAc0UAFFFFABRRRQAUUUUAFFFFABRRRQAUUUUAFFFFABRRRQB4r/AMFJ/wDlHT8ff+yceIf/AE2XFFH/AAUn/wCUdPx9/wCyceIf/TZcUUAH/BNj/lHT8Av+yceHv/TZb17VXiv/AATY/wCUdPwC/wCyceHv/TZb17VQAUUUUAFFFFABRRRQAUUUUAFFFFABRRRQAUUUUAFFFFABRRRQAUUUUAFFFFABRRRQAV47+2f+yxN+1h4X8B6bDrkehHwZ8QPD3jdpHtTcfa10u/juzbAB12GQR7Q/O3OdrdK9iooA83/a9+A0v7Uf7J/xO+GcWprosnxD8Kap4bTUHhNwtiby0ltxMY9y7wnmbtoZc4xkda8y/aY/YI1j4x/C/wCEa+EfHp8B/Ez4H3ttqPhjxR/Y8epWzOtk9hd29zZu6+ZbXNtLKjKkqSISjK/ykN9K0UdLen4bB/X3n53/ALWH/BP/AMf6T+x7+1n8QvHHixvjD8afiJ8Kr3wlpcHh3wudLs9L023truWHTrCzSS4nlklurmaV3klkd2aNVVAmG9C+AP8AwT++KWtfFT4Q+MPi98ZU8deH/g/bTX3hTQIPCEWiXjX1xZNaJc6rMs0iXE1vazzxKIYbdS7+YVBGw/ZpXJpaFvf0/C/+f36it/X3f5fcfAPwL/4Iy+J/2a9d0Hw/4P8AiF8MYfhX4b8Qxatp1rqfwnstS8WWtgt4LltKGrSXGxkI3xLcvbNOiOMHciuPp39nf9lub4FfG/42+MJNaj1OP4veJ7TxDHara+SdLEGk2WnmIvvbzCxtC+4BcBwMHGT7DRR/X5f5D3/r1/zPlX9nP9gvWv2fvAPxZ8B+MvGmj+PPgd4wufEF9ZeGv+EXeDUrG31e7uby9tp7lJ5PtaD7TOiBYEZg5zn5VHE/8EB/2WfEv7PX7DNnr3j4a8/xB+I00Oo6g2v2CWer22m2drDpmj2tyi8rJHptlas6OSyyzTBizbmP3ARkUgXFEdNF2S+4Hr99xaKKKACiiigAooooAKKKKACiiigAooooAKKKKAPjT/gqzAfgT8S/2f8A9o6Blht/hL4yj8P+KZZLkwwp4b8QGPTbuWQAfOILptOuADwogc+tfOerfEjTfEfwl+Lnxw1DxF8YdI1X9pr4vWvgD4er8K720h1/XtN0kz6bptrbz3qmC1huJLbVb6SZniAimysgJCv+mXxi+D/hv4//AAs8Q+CfGOk2+u+FvFWnzaXqmnzllS6t5VKuu5SGU4PDKQykAqQQCOE8efsDfB/4n/swaT8GNf8AAei6p8M9BtLWy0zRJfM26clqgS3aGYMJo5UUYEquJPmbLHc2Zt3/AK2v+X4sP6/O35/gj8m/i18Wfiddf8Ewf+ChPwp+I118RpYvhXpmhyaNaeP9c03XvE2mRajbx3MsF1f6ezQXCF08yLJLpHKFY8Cv0r+GnxY1Af8ABVX43eF9V8RXS6DpPw48I6xp2lXV4VtbUvea8l3dRRMdq7vLt1kkA52RBj8qgaHhD/gk5+zv4A+Dfjb4f6H8LtD0nwf8SLK2sPE+nWk1xENajt93lNNIJPMMo3sTKGEjk5ZmIBrc/aX/AOCcPwN/bG+IPh3xV8Tvhn4Z8Z+IPCqeTYXl/CxZoN/mfZp1Vgt1bbyzeROJIsu52fM2SUW5qX9bNfrcrm9zl/rp/kfmP4S/bH+Ovxk/Ye/Yv8DaHr/xQ8Tax8brLxdqniPVPCfiPStM8X65HpVz+4trXUtUkWGFStwJZGjzO0VoFjKp5hr2/QfCX7ZHiD9hLxh4N87x7oXiTSfHlnb6J/bXjHw+3j7XPCv2SCa7sItTtWlsotTDef5VxOEZogCxQ/vK+wPGH/BMz4EeP/2Z9I+Dus/DXw/qHw38PXDXekaPJ5v/ABKJ2lklMttOHE8Em6WXDxyKwWRlBCnFY8//AASO/ZwuP2Z1+D7fCbw2vw9XVx4hGmoZ0m/tQJ5f9ofahILn7V5f7vz/ADfMKfLu28VX9fj/AEvT1E3dkf8AwSx+JegePf2Y7iw0XxV8XPFF54N8Raj4c1tfidNBP4o0XUYJQ01hdywKIpfKEiFHR5QY3T94/b6SzXD/ALPf7N3gX9lL4W2Hgr4deGdL8JeF9NLPBYWMZVS7nLyOxJeSRjy0jszseSTXcU5bkoKKKKQwooooAKKKKACiiigAooooAKKKKACiiigAooooA8V/4KT/APKOn4+/9k48Q/8ApsuKKP8AgpP/AMo6fj7/ANk48Q/+my4ooA83/Y2+PHiD4Ifsg/CnwXr3wZ+MkeueEfB2kaLqKQ6Rayxpc21lDDKquLnDAOjAMODjI4r0j/hsi8/6I38av/BHbf8AyTXtVFAHiv8Aw2Ref9Eb+NX/AII7b/5Jo/4bIvP+iN/Gr/wR23/yTXtVFAHiv/DZF5/0Rv41f+CO2/8Akmj/AIbIvP8Aojfxq/8ABHbf/JNe1UUAeK/8NkXn/RG/jV/4I7b/AOSaP+GyLz/ojfxq/wDBHbf/ACTXtVFAHiv/AA2Ref8ARG/jV/4I7b/5Jo/4bIvP+iN/Gr/wR23/AMk17VRQB4r/AMNkXn/RG/jV/wCCO2/+SaP+GyLz/ojfxq/8Edt/8k17VRQB4r/w2Ref9Eb+NX/gjtv/AJJo/wCGyLz/AKI38av/AAR23/yTXtVFAHiv/DZF5/0Rv41f+CO2/wDkmj/hsi8/6I38av8AwR23/wAk17VRQB4r/wANkXn/AERv41f+CO2/+SaP+GyLz/ojfxq/8Edt/wDJNe1UUAeK/wDDZF5/0Rv41f8Agjtv/kmj/hsi8/6I38av/BHbf/JNe1UUAeK/8NkXn/RG/jV/4I7b/wCSaP8Ahsi8/wCiN/Gr/wAEdt/8k17VRQB4r/w2Ref9Eb+NX/gjtv8A5Jo/4bIvP+iN/Gr/AMEdt/8AJNe1UUAeK/8ADZF5/wBEb+NX/gjtv/kmj/hsi8/6I38av/BHbf8AyTXtVFAHiv8Aw2Ref9Eb+NX/AII7b/5Jo/4bIvP+iN/Gr/wR23/yTXtVFAHiv/DZF5/0Rv41f+CO2/8Akmj/AIbIvP8Aojfxq/8ABHbf/JNe1UUAeK/8NkXn/RG/jV/4I7b/AOSaP+GyLz/ojfxq/wDBHbf/ACTXtVFAHiv/AA2Ref8ARG/jV/4I7b/5Jo/4bIvP+iN/Gr/wR23/AMk17VRQB4r/AMNkXn/RG/jV/wCCO2/+SaP+GyLz/ojfxq/8Edt/8k17VRQB4r/w2Ref9Eb+NX/gjtv/AJJo/wCGyLz/AKI38av/AAR23/yTXtVFAHiv/DZF5/0Rv41f+CO2/wDkmj/hsi8/6I38av8AwR23/wAk17VRQB4r/wANkXn/AERv41f+CO2/+SaP+GyLz/ojfxq/8Edt/wDJNe1UUAeK/wDDZF5/0Rv41f8Agjtv/kmj/hsi8/6I38av/BHbf/JNe1UUAeK/8NkXn/RG/jV/4I7b/wCSaP8Ahsi8/wCiN/Gr/wAEdt/8k17VRQB4r/w2Ref9Eb+NX/gjtv8A5Jo/4bIvP+iN/Gr/AMEdt/8AJNe1UUAeK/8ADZF5/wBEb+NX/gjtv/kmj/hsi8/6I38av/BHbf8AyTXtVFAHiv8Aw2Ref9Eb+NX/AII7b/5Jo/4bIvP+iN/Gr/wR23/yTXtVFAHiv/DZF5/0Rv41f+CO2/8Akmj/AIbIvP8Aojfxq/8ABHbf/JNe1UUAeK/8NkXn/RG/jV/4I7b/AOSaP+GyLz/ojfxq/wDBHbf/ACTXtVFAHiv/AA2Ref8ARG/jV/4I7b/5Jo/4bIvP+iN/Gr/wR23/AMk17VRQB4r/AMNkXn/RG/jV/wCCO2/+SaP+GyLz/ojfxq/8Edt/8k17VRQB4r/w2Ref9Eb+NX/gjtv/AJJo/wCGyLz/AKI38av/AAR23/yTXtVFAHiv/DZF5/0Rv41f+CO2/wDkmj/hsi8/6I38av8AwR23/wAk17VRQB4r/wANkXn/AERv41f+CO2/+SaP+GyLz/ojfxq/8Edt/wDJNe1UUAeK/wDDZF5/0Rv41f8Agjtv/kmj/hsi8/6I38av/BHbf/JNe1UUAeK/8NkXn/RG/jV/4I7b/wCSaP8Ahsi8/wCiN/Gr/wAEdt/8k17VRQB4r/w2Ref9Eb+NX/gjtv8A5Jo/4bIvP+iN/Gr/AMEdt/8AJNe1UUAeK/8ADZF5/wBEb+NX/gjtv/kmj/hsi8/6I38av/BHbf8AyTXtVFAHyb+2T8d/EHxv/ZA+K3gvQfgz8Y5Nc8XeDtX0XTkm0i1ije5ubKaGJWc3OFBd1BY8DOTxRX1lRQB//9k=',NULL,NULL,'IMAGE','<b>Example</b> - You can define a table border as follows',NULL),(1029,1023,'<p>Here table is a selector and border is a property and given value <i>1px solid #C00</i> is the value of that property.</p>\n<p>You can define selectors in various simple ways based on your comfort. Let me put these selectors one by one.</p>','table {\n	border :1px solid #C00;\n}','CSS','TEXT',NULL,NULL),(1030,1024,'This is the same selector we have seen above. Again, one more example to give a color to all level 1 headings','h1 {\n	color: #36CFFF; \n}','CSS','TEXT',NULL,NULL),(1031,1025,'Rather than selecting elements of a specific type, the universal selector quite simply matches the name of any element type','* { \n	color: #000000; \n}','CSS','TEXT',NULL,NULL),(1032,1026,'Suppose you want to apply a style rule to a particular element only when it lies inside a particular element. As given in the following example, style rule will apply to <b>&lt;em&gt;</b> element only when it lies inside <b>&lt;ul&gt;</b> tag.','ul em {\n   color: #000000; \n}','CSS','TEXT',NULL,NULL),(1033,1027,'You can define style rules based on the class attribute of the elements. All the elements having that class will be formatted according to the defined rule.','.black {\n   color: #000000; \n}','CSS','TEXT',NULL,NULL),(1034,1027,'This rule renders the content in black for every element with class attribute set to <i>black</i> in our document. You can make it a bit more particular. For example','h1.black {\n   color: #000000; \n}','CSS','TEXT',NULL,NULL),(1035,1027,'<p>This rule renders the content in black for only &lt;h1&gt; elements with class attribute set to <i>black</i>.</p>\n<p>You can apply more than one class selectors to given element. Consider the following example</p>','<p class=\"center bold\">\n   This para will be styled by the classes center and bold.\n</p>','HTML','TEXT',NULL,NULL),(1036,1028,'You can define style rules based on the <i>id</i> attribute of the elements. All the elements having that <i>id</i> will be formatted according to the defined rule.','#black {\n   color: #000000; \n}','CSS','TEXT',NULL,NULL),(1037,1028,'This rule renders the content in black for every element with <i>id</i> attribute set to <i>black</i> in our document. You can make it a bit more particular. For example','h1#black {\n   color: #000000; \n}','CSS','TEXT',NULL,NULL),(1038,1028,'<p>This rule renders the content in black for only &lt;h1&gt; elements with <i>id</i> attribute set to <i>black</i>. </p>\n<p>The true power of <i>id</i> selectors is when they are used as the foundation for descendant selectors, For example</p>','#black h2 {\n   color: #000000; \n}','CSS','TEXT','In this example all level 2 headings will be displayed in black color when those headings will lie with in tags having <i>id</i> attribute set to <i>black</i>.',NULL),(1039,1029,'You have seen the descendant selectors. There is one more type of selector, which is very similar to descendants but have different functionality. Consider the following example','body > p {\n   color: #000000; \n}','CSS','TEXT','This rule will render all the paragraphs in black if they are direct child of &lt;body&gt; element. Other paragraphs put inside other elements like &lt;div&gt; or &lt;td&gt would not have any effect of this rule.',NULL),(1040,1030,'You can also apply styles to HTML elements with particular attributes. The style rule below will match all the input elements having a type attribute with a value of <i>text</i>','input[type = \"text\"] {\n   color: #000000; \n}','CSS','TEXT',NULL,NULL),(1041,1030,'<p>The advantage to this method is that the &lt;input type = \"submit\" /&gt; element is unaffected, and the color applied only to the desired text fields.</p>\n<p>There are following rules applied to attribute selector.</p>\n<ul>\n<li><p><b>p[lang]</b> &minus; Selects all paragraph elements with a <i>lang</i> attribute.</p></li>\n<li><p><b>p[lang=\"fr\"]</b> &minus; Selects all paragraph elements whose <i>lang</i> attribute has a value of exactly \"fr\".</p></li>\n<li><p><b>p[lang~=\"fr\"]</b> &minus; Selects all paragraph elements whose <i>lang</i> attribute contains the word \"fr\".</p></li>\n<li><p><b>p[lang|=\"en\"]</b> &minus; Selects all paragraph elements whose <i>lang</i> attribute contains values that are exactly \"en\", or begin with \"en-\".</p></li>\n</ul>',NULL,NULL,'TEXT',NULL,NULL),(1042,1031,'You may need to define multiple style rules for a single element. You can define these rules to combine multiple properties and corresponding values into a single block as defined in the following example','h1 {\n   color: #36C;\n   font-weight: normal;\n   letter-spacing: .4em;\n   margin-bottom: 1em;\n   text-transform: lowercase;\n}','CSS','TEXT',NULL,'Here all the property and value pairs are separated by a <b>semicolon (;)</b>. You can keep them in a single line or multiple lines. For better readability, we keep them in separate lines.'),(1043,1031,'For a while, don\'t bother about the properties mentioned in the above block. These properties will be explained in the coming chapters and you can find complete detail about properties in CSS References',NULL,NULL,'TEXT',NULL,NULL),(1044,1032,'You can apply a style to many selectors if you like. Just separate the selectors with a comma, as given in the following example','h1, h2, h3 {\n   color: #36C;\n   font-weight: normal;\n   letter-spacing: .4em;\n   margin-bottom: 1em;\n   text-transform: lowercase;\n}','CSS','TEXT','This define style rule will be applicable to h1, h2 and h3 element as well. The order of the list is irrelevant. All the elements in the selector will have the corresponding declarations applied to them.',NULL),(1045,1032,'You can combine the various <i>id</i> selectors together as shown below','#content, #footer, #supplement {\n   position: absolute;\n   left: 510px;\n   width: 200px;\n}','CSS','TEXT',NULL,NULL);
/*!40000 ALTER TABLE `section_content` ENABLE KEYS */;
UNLOCK TABLES;

--
-- Table structure for table `subject`
--

DROP TABLE IF EXISTS `subject`;
/*!40101 SET @saved_cs_client     = @@character_set_client */;
 SET character_set_client = utf8mb4 ;
CREATE TABLE `subject` (
  `id` int(11) NOT NULL,
  `name` varchar(45) NOT NULL,
  `state` varchar(45) NOT NULL,
  PRIMARY KEY (`id`)
) ENGINE=InnoDB DEFAULT CHARSET=latin1;
/*!40101 SET character_set_client = @saved_cs_client */;

--
-- Dumping data for table `subject`
--

LOCK TABLES `subject` WRITE;
/*!40000 ALTER TABLE `subject` DISABLE KEYS */;
INSERT INTO `subject` VALUES (1000,'Html','html'),(1001,'CSS','css'),(1002,'Javascript','javascript');
/*!40000 ALTER TABLE `subject` ENABLE KEYS */;
UNLOCK TABLES;

--
-- Table structure for table `time_table`
--

DROP TABLE IF EXISTS `time_table`;
/*!40101 SET @saved_cs_client     = @@character_set_client */;
 SET character_set_client = utf8mb4 ;
CREATE TABLE `time_table` (
  `id` int(11) NOT NULL AUTO_INCREMENT,
  `user_id` int(11) NOT NULL,
  `lesson_id` int(11) NOT NULL,
  `start` varchar(45) DEFAULT NULL,
  `end` varchar(45) DEFAULT NULL,
  PRIMARY KEY (`id`)
) ENGINE=InnoDB AUTO_INCREMENT=11 DEFAULT CHARSET=utf8mb4 COLLATE=utf8mb4_0900_ai_ci;
/*!40101 SET character_set_client = @saved_cs_client */;

--
-- Dumping data for table `time_table`
--

LOCK TABLES `time_table` WRITE;
/*!40000 ALTER TABLE `time_table` DISABLE KEYS */;
INSERT INTO `time_table` VALUES (1,1,1000,'1997-10-31 23:59:59','1997-12-31 23:59:59'),(2,2,1001,'2018-12-13 20:10:10','2018-12-13 20:11:12'),(3,2,1001,'2018-12-13 20:10:10','2018-12-13 20:11:12'),(4,2,1001,'2018-12-13 20:10:10','2018-12-13 20:11:12'),(5,2,1001,'2018-12-13 20:10:10','2018-12-13 20:11:12'),(6,2,1001,'2018-12-13 20:10:10','2018-12-13 20:11:12'),(7,2,1001,NULL,'2018-12-13 20:11:12'),(8,2,1001,'2018-12-13 20:10:10','2018-12-13 20:11:12'),(9,2,1001,'2018-12-13 20:10:11','2018-12-13 20:11:12'),(10,2,1001,NULL,'2018-12-13 20:11:12');
/*!40000 ALTER TABLE `time_table` ENABLE KEYS */;
UNLOCK TABLES;

--
-- Table structure for table `user`
--

DROP TABLE IF EXISTS `user`;
/*!40101 SET @saved_cs_client     = @@character_set_client */;
 SET character_set_client = utf8mb4 ;
CREATE TABLE `user` (
  `id_user` int(11) NOT NULL AUTO_INCREMENT,
  `msv` varchar(45) NOT NULL,
  `pass` varchar(45) NOT NULL,
  `name` varchar(45) DEFAULT NULL,
  PRIMARY KEY (`id_user`)
) ENGINE=InnoDB DEFAULT CHARSET=latin1;
/*!40101 SET character_set_client = @saved_cs_client */;

--
-- Dumping data for table `user`
--

LOCK TABLES `user` WRITE;
/*!40000 ALTER TABLE `user` DISABLE KEYS */;
/*!40000 ALTER TABLE `user` ENABLE KEYS */;
UNLOCK TABLES;
/*!40103 SET TIME_ZONE=@OLD_TIME_ZONE */;

/*!40101 SET SQL_MODE=@OLD_SQL_MODE */;
/*!40014 SET FOREIGN_KEY_CHECKS=@OLD_FOREIGN_KEY_CHECKS */;
/*!40014 SET UNIQUE_CHECKS=@OLD_UNIQUE_CHECKS */;
/*!40101 SET CHARACTER_SET_CLIENT=@OLD_CHARACTER_SET_CLIENT */;
/*!40101 SET CHARACTER_SET_RESULTS=@OLD_CHARACTER_SET_RESULTS */;
/*!40101 SET COLLATION_CONNECTION=@OLD_COLLATION_CONNECTION */;
/*!40111 SET SQL_NOTES=@OLD_SQL_NOTES */;

-- Dump completed on 2018-12-29  0:58:10
